StudentID,Semester,CGPA,MathScore,ProgrammingScore,DSAScore,ProjectScore
ST10004,1,6.91,73.47,58.37,62.79,79.52
ST10004,2,6.77,63.8,66.74,58.49,69.08
ST10004,3,7.18,70.74,61.09,75.7,72.37
ST10004,4,8.41,78.15,86.83,74.44,85.3
ST10010,1,8.45,68.1,71.54,87.73,84.43
ST10010,2,5.7,56.57,56.13,60.79,53.79
ST10010,3,5.99,70.23,62.69,52.94,57.68
ST10010,4,7.76,87.29,69.52,79.73,71.49
ST10015,1,7.08,74.84,63.42,73.35,69.84
ST10015,2,7.57,74.51,62.58,73.09,80.08
ST10015,3,6.95,59.82,49.66,59.83,62.31
ST10015,4,8.31,80.27,83.66,82.39,76.82
ST10016,1,5.98,62.84,60.61,58.87,79.16
ST10016,2,7.27,84.49,65.57,73.56,80.25
ST10016,3,6.2,64.36,67.6,57.73,66.12
ST10016,4,9.16,92.74,95.88,77.26,90.47
ST10019,1,6.61,57.46,58.74,78.9,67.83
ST10019,2,8.46,84.48,74.36,92.55,81.52
ST10019,3,7.33,69.29,67.79,72.48,75.67
ST10019,4,8.61,72.2,77.2,100.0,87.95
ST10021,1,6.42,65.98,57.79,66.94,64.58
ST10021,2,8.61,81.36,78.64,86.61,84.47
ST10021,3,8.28,78.4,83.95,87.39,85.35
ST10021,4,8.0,77.41,72.33,73.92,71.33
ST10023,1,6.12,57.8,59.5,64.64,59.81
ST10023,2,6.55,74.07,68.9,69.15,66.76
ST10023,3,6.71,73.14,61.32,64.99,70.96
ST10023,4,6.63,67.79,62.79,69.68,74.75
ST10024,1,7.9,78.01,85.92,74.43,82.33
ST10024,2,7.34,66.83,72.33,72.92,75.39
ST10024,3,9.12,79.14,91.23,99.58,92.75
ST10024,4,8.4,87.7,86.24,86.02,82.15
ST10027,1,7.37,63.33,74.8,76.18,65.0
ST10027,2,7.77,74.13,68.08,84.18,83.4
ST10027,3,10.0,97.41,100.0,88.86,97.48
ST10027,4,5.32,48.04,65.15,67.76,56.25
ST10028,1,7.04,67.82,72.33,77.82,80.08
ST10028,2,5.09,52.74,52.58,55.65,43.56
ST10028,3,5.39,50.38,61.64,59.52,56.87
ST10028,4,6.78,72.9,76.06,62.47,69.19
ST10032,1,7.15,74.55,64.74,81.44,67.55
ST10032,2,6.41,74.61,51.56,67.73,55.85
ST10032,3,5.84,57.45,60.08,59.35,66.78
ST10032,4,7.28,66.35,72.35,71.03,72.24
ST10033,1,7.47,80.27,68.17,75.7,67.99
ST10033,2,5.83,50.74,67.37,58.03,56.61
ST10033,3,6.62,60.97,66.27,77.07,75.2
ST10033,4,6.19,60.79,63.81,57.46,72.52
ST10042,1,7.91,69.17,78.74,69.2,79.22
ST10042,2,6.04,65.5,56.88,65.68,54.22
ST10042,3,7.11,75.58,72.56,80.63,69.08
ST10042,4,9.64,95.56,96.15,95.83,99.92
ST10043,1,6.23,60.46,60.44,64.03,62.99
ST10043,2,6.38,75.09,77.98,48.89,77.93
ST10043,3,6.64,61.13,63.97,56.72,62.91
ST10043,4,8.23,71.45,88.26,84.41,79.21
ST10046,1,5.35,48.5,61.06,50.66,48.91
ST10046,2,7.21,70.68,77.35,70.42,70.44
ST10046,3,6.95,78.28,61.11,63.64,77.1
ST10046,4,6.66,64.74,72.62,66.41,74.36
ST10048,1,6.85,69.89,70.1,76.48,74.51
ST10048,2,6.58,68.14,51.31,53.94,58.07
ST10048,3,7.52,79.84,76.23,68.92,74.48
ST10048,4,10.0,90.68,94.93,100.0,98.39
ST10049,1,7.18,59.79,76.42,68.68,70.52
ST10049,2,7.43,74.49,65.23,71.13,78.77
ST10049,3,7.6,76.05,62.43,74.44,78.14
ST10049,4,7.81,66.71,81.55,77.85,83.92
ST10050,1,7.32,80.09,63.78,65.15,75.48
ST10050,2,7.06,66.67,70.49,76.85,73.86
ST10050,3,6.46,62.3,63.49,67.21,76.19
ST10050,4,6.81,69.51,65.05,78.26,77.32
ST10051,1,8.04,80.13,78.9,73.25,72.57
ST10051,2,9.35,100.0,90.45,89.87,100.0
ST10051,3,5.83,59.37,63.83,56.39,62.77
ST10051,4,7.26,62.66,71.29,80.51,78.56
ST10053,1,6.81,59.63,71.95,73.57,61.63
ST10053,2,7.17,53.87,68.91,65.9,76.76
ST10053,3,7.2,66.21,61.16,65.87,70.82
ST10053,4,6.92,63.11,62.64,58.58,71.03
ST10055,1,8.6,79.46,83.67,81.65,85.31
ST10055,2,8.5,84.85,88.36,82.65,94.06
ST10055,3,7.65,82.64,70.93,73.89,77.83
ST10055,4,6.36,71.54,61.63,60.92,57.55
ST10058,1,6.19,55.84,64.75,61.49,55.11
ST10058,2,7.41,69.01,75.81,89.43,70.35
ST10058,3,7.34,72.01,71.25,67.86,65.03
ST10058,4,7.55,72.38,77.0,71.58,75.6
ST10060,1,6.6,65.18,73.84,75.28,78.69
ST10060,2,5.68,57.14,59.48,59.66,51.36
ST10060,3,7.26,76.11,61.86,80.49,71.64
ST10060,4,6.53,67.31,57.79,70.35,69.07
ST10062,1,8.4,81.88,76.75,89.72,95.95
ST10062,2,8.73,83.97,88.75,82.8,88.44
ST10062,3,8.26,90.22,71.21,75.06,88.59
ST10062,4,6.52,63.22,71.22,74.67,71.84
ST10065,1,6.55,67.15,77.95,73.55,77.37
ST10065,2,7.81,73.65,69.31,78.95,76.72
ST10065,3,6.37,68.66,67.75,64.99,68.78
ST10065,4,8.12,76.97,76.51,69.07,91.97
ST10066,1,7.16,81.05,64.07,64.26,71.81
ST10066,2,8.05,78.93,81.97,78.49,82.87
ST10066,3,7.34,76.71,77.64,82.4,80.75
ST10066,4,7.99,58.89,81.59,86.15,94.69
ST10068,1,10.0,100.0,93.63,95.44,100.0
ST10068,2,7.42,68.36,68.39,87.82,81.2
ST10068,3,7.58,72.31,71.66,71.61,82.04
ST10068,4,7.29,58.97,74.31,75.88,74.14
ST10069,1,6.99,67.9,76.65,65.97,68.99
ST10069,2,5.06,53.11,48.96,70.2,56.09
ST10069,3,7.24,70.68,54.35,75.1,62.48
ST10069,4,7.26,95.85,77.54,62.32,74.48
ST10071,1,5.44,45.35,52.38,46.15,57.15
ST10071,2,7.5,85.77,68.19,72.26,76.29
ST10071,3,7.25,66.16,68.72,76.24,74.89
ST10071,4,6.1,57.94,57.15,53.93,58.41
ST10074,1,7.66,67.12,67.24,68.45,76.93
ST10074,2,7.08,82.48,54.84,63.81,62.6
ST10074,3,8.92,98.18,82.9,90.76,87.5
ST10074,4,5.76,55.62,57.08,59.64,67.39
ST10076,1,7.18,69.14,76.12,79.35,79.6
ST10076,2,7.24,77.54,62.56,63.74,78.44
ST10076,3,6.63,60.07,56.86,67.57,75.99
ST10076,4,7.6,70.85,69.76,72.86,79.17
ST10080,1,6.71,73.97,74.27,70.07,73.95
ST10080,2,6.6,64.81,59.6,52.14,72.79
ST10080,3,6.91,65.51,78.3,68.91,67.19
ST10080,4,7.17,66.14,67.31,67.24,71.74
ST10084,1,8.14,72.54,73.36,91.88,84.23
ST10084,2,8.39,77.74,93.95,83.24,88.78
ST10084,3,8.59,91.43,91.09,87.58,85.05
ST10084,4,8.46,85.76,77.41,74.68,92.12
ST10085,1,7.83,90.47,74.66,70.01,81.02
ST10085,2,9.14,98.44,87.18,86.47,82.42
ST10085,3,7.94,74.12,72.45,81.27,76.8
ST10085,4,6.01,52.59,60.48,59.04,81.69
ST10086,1,6.96,73.5,65.85,69.94,75.95
ST10086,2,7.49,79.58,70.31,66.59,74.27
ST10086,3,7.61,67.55,84.84,77.9,82.03
ST10086,4,7.43,64.86,68.82,73.38,69.57
ST10088,1,6.91,66.96,68.31,75.88,60.02
ST10088,2,8.22,82.07,77.7,81.03,80.26
ST10088,3,6.79,65.73,71.73,62.58,76.12
ST10088,4,8.19,93.8,84.47,88.84,81.76
ST10089,1,6.09,72.65,63.58,50.88,54.36
ST10089,2,9.87,93.88,99.46,99.85,94.57
ST10089,3,7.45,77.76,73.93,72.06,79.76
ST10089,4,7.98,87.31,83.65,77.58,73.11
ST10090,1,6.41,61.98,49.77,62.25,74.91
ST10090,2,6.37,63.83,72.74,68.31,61.4
ST10090,3,7.08,77.08,73.9,79.47,66.34
ST10090,4,6.39,70.38,59.03,73.67,71.61
ST10092,1,7.62,76.24,86.25,76.96,75.39
ST10092,2,7.07,62.11,70.31,74.13,79.69
ST10092,3,6.68,75.97,64.56,52.82,77.21
ST10092,4,6.61,66.97,74.28,59.73,78.44
ST10096,1,7.14,62.29,71.46,71.19,81.53
ST10096,2,7.65,62.93,90.55,70.29,68.64
ST10096,3,7.59,66.46,61.06,77.57,85.37
ST10096,4,6.83,71.5,74.49,66.0,71.44
ST10101,1,7.55,76.31,73.87,67.71,69.96
ST10101,2,6.6,63.54,66.76,67.34,71.87
ST10101,3,7.72,92.29,69.29,79.6,75.71
ST10101,4,8.2,78.56,76.4,77.59,81.95
ST10104,1,7.57,71.23,86.54,72.11,76.56
ST10104,2,7.88,70.52,66.69,70.62,86.7
ST10104,3,7.09,77.09,67.77,69.45,66.39
ST10104,4,8.14,86.76,83.26,81.08,66.53
ST10105,1,6.7,73.07,50.64,67.04,65.63
ST10105,2,8.86,91.32,95.33,97.6,89.58
ST10105,3,7.21,66.31,61.64,82.74,71.28
ST10105,4,6.83,71.8,82.3,66.08,68.98
ST10107,1,7.5,74.0,82.57,60.07,75.23
ST10107,2,7.13,66.56,66.87,69.9,81.59
ST10107,3,7.83,78.42,88.59,84.05,81.19
ST10107,4,7.28,78.94,76.23,61.6,72.77
ST10109,1,7.37,81.56,74.78,64.05,74.1
ST10109,2,8.06,79.09,78.71,83.75,76.41
ST10109,3,5.32,57.11,59.32,58.33,60.79
ST10109,4,6.32,57.32,65.16,65.63,75.11
ST10110,1,8.41,92.12,82.68,75.17,75.53
ST10110,2,8.28,78.26,75.31,89.75,84.74
ST10110,3,6.61,56.42,74.33,74.21,79.48
ST10110,4,7.81,77.45,88.21,72.69,76.69
ST10112,1,6.95,72.7,71.7,64.07,69.89
ST10112,2,7.4,74.7,75.51,72.41,77.93
ST10112,3,7.15,65.34,78.6,71.34,74.59
ST10112,4,7.8,84.87,84.32,80.98,75.31
ST10117,1,5.79,50.21,70.61,56.04,51.31
ST10117,2,7.75,75.84,79.73,79.1,77.03
ST10117,3,6.82,47.47,75.99,72.21,74.99
ST10117,4,7.36,76.45,67.09,77.68,68.18
ST10121,1,6.45,58.68,53.33,71.8,70.71
ST10121,2,8.35,84.89,74.44,62.47,97.41
ST10121,3,7.39,65.28,68.66,77.75,77.95
ST10121,4,8.06,77.04,99.92,83.35,83.45
ST10124,1,7.28,71.71,68.57,55.58,84.19
ST10124,2,8.12,81.04,88.31,80.27,78.95
ST10124,3,7.98,73.01,84.58,75.18,79.16
ST10124,4,4.8,47.02,39.49,51.71,55.51
ST10127,1,6.65,66.82,63.39,75.59,72.04
ST10127,2,4.96,49.87,43.04,61.26,47.26
ST10127,3,7.5,78.02,74.05,61.96,77.52
ST10127,4,7.51,78.53,74.52,79.09,75.26
ST10129,1,7.02,80.6,57.47,67.74,72.09
ST10129,2,5.95,55.17,53.08,54.77,68.09
ST10129,3,6.23,66.87,60.61,62.37,71.37
ST10129,4,6.21,65.16,53.09,60.25,70.82
ST10131,1,4.95,46.01,58.62,37.91,48.31
ST10131,2,5.5,44.48,57.25,68.19,58.16
ST10131,3,7.69,77.67,74.39,69.77,88.08
ST10131,4,7.81,80.5,68.14,70.5,89.1
ST10133,1,7.0,65.15,61.88,71.63,65.52
ST10133,2,8.37,91.25,79.99,71.13,83.09
ST10133,3,4.89,55.41,56.55,41.82,53.38
ST10133,4,6.74,70.02,70.73,66.67,80.79
ST10134,1,8.57,76.86,86.9,79.88,88.04
ST10134,2,6.88,68.64,79.3,58.57,64.21
ST10134,3,7.65,80.26,75.92,60.64,84.49
ST10134,4,8.28,90.71,74.86,87.12,74.69
ST10135,1,6.44,61.55,64.39,67.39,63.9
ST10135,2,5.95,51.09,51.53,63.88,66.13
ST10135,3,5.34,45.87,48.0,61.1,52.96
ST10135,4,8.51,87.79,76.07,73.65,91.27
ST10136,1,7.45,74.51,65.2,65.04,76.36
ST10136,2,7.49,69.52,65.98,83.87,77.2
ST10136,3,9.74,88.67,100.0,94.2,96.16
ST10136,4,7.42,70.28,79.36,68.4,73.79
ST10140,1,7.76,78.66,67.27,85.32,77.62
ST10140,2,5.06,42.77,55.1,45.03,46.1
ST10140,3,6.52,51.76,74.44,59.96,60.01
ST10140,4,7.54,71.95,64.6,69.56,78.15
ST10141,1,6.02,68.22,57.12,63.51,63.62
ST10141,2,6.97,68.13,73.1,73.67,75.06
ST10141,3,7.24,72.4,86.15,65.98,72.92
ST10141,4,6.45,62.14,59.02,62.71,73.41
ST10142,1,6.89,60.88,64.02,58.96,75.82
ST10142,2,6.45,48.97,62.81,62.68,64.92
ST10142,3,6.2,60.68,52.35,65.9,65.08
ST10142,4,7.57,82.09,64.62,81.24,75.53
ST10149,1,7.32,69.59,65.25,72.74,73.63
ST10149,2,7.12,60.91,62.4,59.09,87.38
ST10149,3,5.68,60.32,47.23,59.86,62.78
ST10149,4,6.34,53.21,71.04,69.35,70.37
ST10150,1,8.07,69.56,92.65,74.32,80.28
ST10150,2,7.56,66.28,78.45,88.6,80.04
ST10150,3,7.77,73.49,69.12,72.63,84.41
ST10150,4,5.37,48.73,57.93,52.58,59.24
ST10152,1,4.53,50.11,43.67,45.94,40.56
ST10152,2,6.01,57.89,62.53,54.48,57.77
ST10152,3,7.59,68.44,76.94,78.85,79.79
ST10152,4,10.0,100.0,88.42,100.0,100.0
ST10153,1,7.7,82.29,76.45,73.35,83.3
ST10153,2,5.62,56.36,55.39,51.21,67.23
ST10153,3,6.77,53.84,69.98,75.51,68.93
ST10153,4,7.52,86.34,78.56,68.86,81.19
ST10154,1,6.44,48.32,62.46,59.52,72.14
ST10154,2,7.78,76.47,68.55,75.1,83.11
ST10154,3,7.03,72.85,63.23,65.86,69.89
ST10154,4,7.75,64.81,80.71,73.71,82.26
ST10155,1,6.8,68.81,62.21,67.65,69.75
ST10155,2,9.13,93.59,94.5,88.33,83.8
ST10155,3,8.18,83.53,86.57,82.16,84.56
ST10155,4,6.94,72.61,56.46,66.4,63.85
ST10156,1,7.9,81.09,82.32,70.5,71.56
ST10156,2,6.79,65.45,75.59,63.49,78.3
ST10156,3,7.5,66.0,65.06,80.57,80.95
ST10156,4,5.69,59.26,67.11,64.86,59.98
ST10158,1,7.67,75.86,81.86,70.45,80.33
ST10158,2,8.11,64.15,83.36,80.91,80.07
ST10158,3,8.53,81.03,81.5,87.95,78.36
ST10158,4,7.77,82.39,71.62,68.99,69.54
ST10163,1,7.89,71.87,70.67,82.56,80.81
ST10163,2,6.74,68.29,72.85,66.05,71.43
ST10163,3,6.38,66.24,57.39,64.79,69.7
ST10163,4,6.64,64.83,72.74,75.5,65.16
ST10164,1,6.15,56.06,62.66,59.74,65.39
ST10164,2,7.08,69.46,72.05,73.06,78.76
ST10164,3,8.16,77.84,63.23,73.21,79.83
ST10164,4,6.66,61.06,66.47,72.83,76.01
ST10165,1,7.93,74.7,75.31,78.34,92.59
ST10165,2,8.68,90.91,94.02,91.7,93.69
ST10165,3,7.19,57.37,73.13,66.87,69.9
ST10165,4,7.88,79.9,82.03,89.13,75.25
ST10166,1,9.27,83.53,83.71,83.93,100.0
ST10166,2,8.82,81.57,91.07,94.26,100.0
ST10166,3,6.6,66.31,64.49,68.05,71.52
ST10166,4,6.55,66.06,70.35,56.78,74.83
ST10168,1,7.31,78.56,83.95,70.89,65.83
ST10168,2,6.59,65.01,63.32,63.13,74.44
ST10168,3,4.0,50.82,32.77,43.37,34.13
ST10168,4,6.17,67.42,74.46,62.04,68.59
ST10169,1,8.73,100.0,79.19,81.24,68.18
ST10169,2,6.77,64.16,69.14,66.81,66.71
ST10169,3,5.73,46.92,60.08,51.91,55.13
ST10169,4,7.26,69.95,67.16,59.53,71.76
ST10170,1,7.38,77.32,72.92,68.93,66.93
ST10170,2,6.98,69.82,67.6,68.7,70.36
ST10170,3,9.05,82.59,92.68,91.87,83.45
ST10170,4,7.7,77.15,89.07,74.53,71.92
ST10173,1,8.02,78.24,80.42,84.7,74.31
ST10173,2,5.43,64.79,50.4,41.3,59.35
ST10173,3,8.74,84.04,76.71,86.44,87.22
ST10173,4,7.41,70.6,79.35,65.74,79.59
ST10177,1,5.18,54.45,48.58,52.64,51.24
ST10177,2,4.52,38.24,40.51,48.29,48.47
ST10177,3,6.7,65.13,67.77,59.84,73.24
ST10177,4,6.37,49.79,65.7,69.14,74.09
ST10179,1,7.09,69.47,70.84,72.52,67.09
ST10179,2,9.31,92.4,87.68,89.13,82.93
ST10179,3,8.03,84.75,83.45,66.89,79.67
ST10179,4,6.87,73.32,70.6,80.74,63.54
ST10182,1,6.54,72.52,61.42,66.37,75.7
ST10182,2,8.0,68.6,75.65,72.53,83.18
ST10182,3,6.71,62.66,60.88,68.6,67.33
ST10182,4,5.31,48.03,60.13,51.42,53.37
ST10184,1,7.06,69.34,77.61,69.37,76.66
ST10184,2,6.63,75.8,75.84,58.07,75.19
ST10184,3,6.19,59.82,58.39,66.93,56.99
ST10184,4,5.97,53.15,60.55,57.33,66.07
ST10186,1,8.18,77.47,83.44,72.06,78.1
ST10186,2,6.66,70.84,64.29,64.28,58.57
ST10186,3,8.19,79.66,88.49,82.07,100.0
ST10186,4,7.3,69.25,69.34,67.57,70.61
ST10187,1,6.28,66.29,55.74,55.07,68.88
ST10187,2,9.26,92.5,73.59,93.51,89.25
ST10187,3,5.39,58.48,49.76,48.29,50.13
ST10187,4,8.69,76.79,88.57,85.69,81.62
ST10192,1,8.26,85.58,82.64,82.26,79.53
ST10192,2,4.95,59.0,54.61,37.55,49.5
ST10192,3,6.5,46.31,61.71,73.65,74.38
ST10192,4,5.98,51.31,50.4,69.66,54.01
ST10193,1,7.59,66.21,66.82,74.9,82.99
ST10193,2,7.94,75.32,77.85,87.65,71.23
ST10193,3,8.69,93.78,83.76,88.33,93.54
ST10193,4,8.32,74.89,97.46,82.59,74.92
ST10195,1,6.12,68.92,55.3,59.86,63.58
ST10195,2,6.81,71.14,68.35,52.98,61.03
ST10195,3,7.67,74.4,75.83,73.15,82.36
ST10195,4,5.87,49.16,62.9,64.61,69.81
ST10202,1,7.84,81.45,74.54,91.13,81.66
ST10202,2,6.25,52.82,59.17,58.14,60.96
ST10202,3,7.23,71.32,68.97,76.17,77.63
ST10202,4,6.43,61.3,56.44,64.33,50.65
ST10203,1,8.72,72.69,78.25,81.02,94.06
ST10203,2,7.19,62.21,78.73,72.79,72.1
ST10203,3,6.24,64.89,63.92,64.81,68.77
ST10203,4,6.52,48.09,53.84,69.67,72.75
ST10205,1,8.01,88.51,71.21,78.54,82.85
ST10205,2,6.95,63.78,65.67,76.43,71.44
ST10205,3,6.29,64.56,55.37,67.24,70.98
ST10205,4,8.34,69.97,76.07,94.19,87.82
ST10206,1,5.52,46.53,65.02,71.0,68.06
ST10206,2,6.68,52.13,71.75,56.27,62.16
ST10206,3,5.26,64.69,44.32,62.17,54.06
ST10206,4,9.32,85.27,100.0,95.71,93.66
ST10211,1,8.44,86.62,79.62,89.87,99.22
ST10211,2,8.52,89.64,90.62,75.78,87.61
ST10211,3,6.36,61.77,56.73,76.11,69.45
ST10211,4,6.21,59.29,69.78,52.75,65.41
ST10212,1,6.98,73.35,70.98,73.06,65.29
ST10212,2,7.96,84.41,88.21,72.34,73.08
ST10212,3,8.37,94.33,82.34,83.14,82.72
ST10212,4,7.79,81.17,71.52,74.31,81.49
ST10215,1,6.51,68.59,61.3,69.01,76.56
ST10215,2,8.36,79.68,81.45,76.32,86.49
ST10215,3,6.04,59.08,64.31,58.12,62.01
ST10215,4,8.38,79.16,81.33,74.08,85.99
ST10216,1,8.16,77.88,70.08,93.43,86.68
ST10216,2,8.19,82.74,81.21,83.86,83.57
ST10216,3,7.28,62.72,66.61,70.81,73.67
ST10216,4,6.37,62.99,54.98,59.85,60.69
ST10217,1,6.43,65.03,74.52,64.19,78.93
ST10217,2,8.9,96.28,79.02,100.0,82.04
ST10217,3,7.85,67.45,91.88,68.49,79.22
ST10217,4,7.02,58.76,82.46,66.57,83.12
ST10218,1,5.08,48.96,50.83,55.37,50.07
ST10218,2,6.53,69.94,56.86,61.29,71.22
ST10218,3,5.47,61.3,58.78,44.81,71.62
ST10218,4,5.99,61.0,66.44,72.91,62.99
ST10221,1,6.38,60.29,66.21,61.2,74.28
ST10221,2,7.46,82.29,66.97,74.43,79.68
ST10221,3,7.27,70.29,70.89,72.63,74.59
ST10221,4,5.25,48.86,52.96,50.35,55.76
ST10225,1,6.76,54.25,58.89,70.71,76.51
ST10225,2,7.88,70.88,77.67,79.86,80.76
ST10225,3,8.05,81.9,75.21,80.4,77.59
ST10225,4,6.03,57.23,61.39,59.6,65.72
ST10228,1,6.9,75.51,77.38,76.28,69.63
ST10228,2,7.4,71.04,73.08,75.82,71.65
ST10228,3,6.77,57.84,63.53,76.12,77.13
ST10228,4,7.98,78.1,73.41,87.36,77.76
ST10229,1,7.81,79.45,74.18,69.6,82.57
ST10229,2,7.84,81.07,79.08,92.48,80.42
ST10229,3,6.88,70.61,65.02,74.1,63.3
ST10229,4,8.43,82.04,87.41,82.93,80.08
ST10230,1,8.32,77.09,73.17,80.05,87.77
ST10230,2,6.36,70.42,47.3,61.14,70.26
ST10230,3,7.01,61.36,58.25,70.81,83.3
ST10230,4,6.55,62.52,59.91,63.54,73.89
ST10233,1,7.01,68.59,57.85,76.3,86.97
ST10233,2,4.79,58.37,49.81,39.28,43.72
ST10233,3,5.15,51.75,46.98,60.73,47.04
ST10233,4,6.45,74.33,73.49,60.61,56.95
ST10234,1,6.37,55.28,69.55,65.28,62.21
ST10234,2,6.83,74.08,65.16,65.84,69.1
ST10234,3,8.61,97.18,81.73,78.74,90.63
ST10234,4,6.37,67.8,60.37,73.38,70.36
ST10235,1,5.46,65.19,38.61,52.82,64.59
ST10235,2,6.95,75.14,64.95,71.21,63.08
ST10235,3,8.65,99.03,76.42,84.23,81.7
ST10235,4,6.39,63.98,63.89,65.84,59.5
ST10239,1,6.95,61.64,70.42,77.51,75.44
ST10239,2,7.03,63.23,69.18,58.18,79.78
ST10239,3,7.28,78.87,71.08,67.31,71.17
ST10239,4,8.22,70.75,76.02,92.37,94.24
ST10240,1,6.11,60.29,54.34,64.39,66.93
ST10240,2,8.34,71.91,81.03,81.73,77.29
ST10240,3,7.13,62.66,74.24,60.95,72.07
ST10240,4,7.08,71.26,66.17,68.5,77.24
ST10242,1,7.1,69.34,65.63,77.79,77.02
ST10242,2,5.93,66.86,64.09,63.59,64.89
ST10242,3,6.62,63.95,71.23,63.59,74.59
ST10242,4,5.37,47.81,53.45,51.18,56.52
ST10243,1,7.27,67.51,72.06,82.6,74.58
ST10243,2,6.24,64.05,57.44,58.19,78.63
ST10243,3,6.23,67.68,65.39,68.6,76.54
ST10243,4,4.24,35.17,42.66,53.81,31.08
ST10244,1,6.61,65.65,64.81,65.54,76.1
ST10244,2,6.52,67.06,54.96,68.94,76.4
ST10244,3,7.79,81.89,64.96,78.3,92.12
ST10244,4,7.17,79.16,60.62,56.5,76.21
ST10245,1,6.24,59.2,59.91,69.35,60.93
ST10245,2,5.13,57.82,63.78,50.02,47.91
ST10245,3,8.68,83.8,81.92,94.52,76.3
ST10245,4,7.03,53.3,68.99,64.28,68.09
ST10248,1,4.78,55.71,48.86,42.26,55.82
ST10248,2,7.64,58.74,71.87,83.97,79.28
ST10248,3,6.69,63.51,63.63,59.01,74.26
ST10248,4,6.93,73.63,72.07,64.7,85.33
ST10249,1,5.26,53.9,60.33,52.56,59.91
ST10249,2,5.84,49.07,65.18,51.11,59.48
ST10249,3,6.69,55.81,64.78,68.34,74.0
ST10249,4,6.76,73.8,72.95,58.01,69.83
ST10252,1,5.83,52.39,63.65,63.13,60.82
ST10252,2,4.99,37.93,49.97,47.89,55.06
ST10252,3,7.27,77.03,70.0,76.41,77.11
ST10252,4,7.75,87.45,81.13,68.59,72.61
ST10253,1,5.92,59.45,64.84,51.08,59.72
ST10253,2,7.94,94.24,84.47,63.34,84.72
ST10253,3,6.97,72.96,72.8,66.9,70.93
ST10253,4,6.59,67.23,53.11,64.16,69.23
ST10254,1,6.79,63.74,69.51,79.12,70.84
ST10254,2,8.57,88.3,87.4,84.21,78.52
ST10254,3,7.35,66.05,74.68,67.94,74.99
ST10254,4,5.99,45.83,62.89,55.91,67.52
ST10256,1,6.26,55.41,67.65,58.56,75.38
ST10256,2,6.9,62.56,69.34,72.68,65.43
ST10256,3,5.45,61.19,57.99,60.29,47.81
ST10256,4,6.34,71.69,61.92,64.58,61.25
ST10257,1,7.98,83.52,83.57,90.37,77.55
ST10257,2,6.65,67.43,59.12,62.81,62.54
ST10257,3,6.65,67.12,56.1,70.15,67.84
ST10257,4,8.23,77.04,82.22,82.3,81.31
ST10259,1,7.63,72.11,78.82,81.58,78.28
ST10259,2,7.59,86.1,90.31,72.93,68.55
ST10259,3,5.76,63.3,50.94,49.33,62.13
ST10259,4,8.05,76.42,78.76,81.51,72.78
ST10261,1,8.17,87.15,89.81,72.09,84.48
ST10261,2,7.26,65.53,78.3,75.19,79.13
ST10261,3,7.76,77.53,70.04,70.63,68.93
ST10261,4,5.28,55.88,47.61,54.38,54.19
ST10262,1,7.68,79.98,72.49,83.86,82.34
ST10262,2,6.95,71.73,67.1,62.17,68.98
ST10262,3,6.13,60.83,71.33,53.02,67.05
ST10262,4,7.79,78.62,69.92,88.69,77.95
ST10264,1,7.04,74.55,76.47,75.27,68.36
ST10264,2,6.26,48.66,65.24,67.68,66.82
ST10264,3,7.58,76.4,76.26,70.18,68.93
ST10264,4,8.8,84.57,95.53,78.71,87.28
ST10265,1,7.34,62.72,70.99,77.34,88.52
ST10265,2,6.75,50.7,68.39,78.58,73.46
ST10265,3,7.34,70.87,77.55,59.25,70.6
ST10265,4,6.15,66.31,58.2,71.0,57.06
ST10266,1,6.69,53.46,79.73,69.11,80.0
ST10266,2,5.11,50.73,30.0,55.52,51.47
ST10266,3,7.43,76.13,87.69,66.62,69.67
ST10266,4,7.81,71.88,71.9,67.83,74.73
ST10269,1,6.92,62.79,63.65,77.98,64.46
ST10269,2,5.84,58.66,55.39,51.93,64.54
ST10269,3,8.51,78.13,83.2,78.18,85.57
ST10269,4,6.97,61.15,67.98,64.31,78.26
ST10271,1,10.0,94.67,100.0,98.94,100.0
ST10271,2,6.36,48.07,68.14,69.7,74.53
ST10271,3,8.44,85.58,86.06,77.6,82.65
ST10271,4,7.41,73.15,79.61,67.37,67.72
ST10272,1,7.91,78.09,78.66,75.2,87.81
ST10272,2,6.98,72.07,63.78,65.31,81.01
ST10272,3,6.89,69.71,64.79,63.9,61.66
ST10272,4,6.65,68.03,68.4,54.46,70.38
ST10273,1,6.27,58.29,61.8,51.77,69.23
ST10273,2,6.92,70.29,63.33,74.67,59.23
ST10273,3,6.64,47.52,78.17,62.09,74.43
ST10273,4,5.56,50.95,46.24,72.38,60.48
ST10275,1,6.69,70.11,74.67,65.3,76.49
ST10275,2,6.17,59.67,67.18,72.6,70.15
ST10275,3,7.54,74.86,70.97,78.75,87.52
ST10275,4,7.46,74.99,74.32,75.17,74.2
ST10278,1,6.71,82.22,67.74,46.01,70.57
ST10278,2,8.96,88.46,98.22,87.91,85.6
ST10278,3,5.58,55.79,59.46,60.43,67.79
ST10278,4,8.06,68.25,71.65,72.94,93.37
ST10280,1,8.0,87.59,73.01,70.92,80.69
ST10280,2,5.76,60.91,53.24,57.79,58.39
ST10280,3,5.05,57.34,45.27,57.81,53.76
ST10280,4,5.84,66.22,57.11,64.24,59.75
ST10283,1,9.19,89.15,93.2,82.13,88.36
ST10283,2,7.67,78.39,70.03,83.94,83.32
ST10283,3,8.71,78.14,94.76,82.3,88.17
ST10283,4,7.47,79.19,81.17,77.93,77.36
ST10286,1,6.63,56.99,64.23,60.03,64.41
ST10286,2,7.21,84.53,68.28,69.14,58.19
ST10286,3,7.98,68.51,72.82,64.25,76.12
ST10286,4,7.21,74.91,72.14,75.11,70.31
ST10289,1,8.64,91.66,82.98,74.23,90.27
ST10289,2,8.83,72.35,93.92,92.45,89.9
ST10289,3,7.55,69.3,63.15,73.8,82.96
ST10289,4,5.38,47.95,49.1,57.11,56.63
ST10290,1,7.07,65.57,71.52,64.9,80.67
ST10290,2,6.54,75.94,65.65,66.48,69.6
ST10290,3,8.15,88.69,76.0,77.66,80.31
ST10290,4,5.75,47.32,56.67,62.48,62.42
ST10291,1,7.51,80.76,77.67,72.75,67.45
ST10291,2,7.7,87.12,63.36,77.54,73.74
ST10291,3,6.89,65.9,65.85,58.1,65.49
ST10291,4,6.76,61.0,66.43,75.07,67.25
ST10293,1,6.93,73.24,59.77,68.66,82.64
ST10293,2,5.26,51.12,59.89,44.51,55.63
ST10293,3,7.65,76.79,72.11,74.98,80.79
ST10293,4,7.58,77.54,80.27,77.11,67.87
ST10294,1,7.52,70.18,79.9,69.95,74.35
ST10294,2,8.14,81.2,77.49,86.69,82.59
ST10294,3,8.05,71.5,79.75,93.4,83.57
ST10294,4,6.37,81.73,61.23,62.27,63.2
ST10295,1,7.38,72.84,58.21,72.09,80.5
ST10295,2,5.88,57.07,63.91,59.6,69.82
ST10295,3,6.15,78.46,58.89,69.7,61.04
ST10295,4,6.99,65.63,68.86,70.28,70.55
ST10297,1,7.86,86.77,77.94,74.37,81.31
ST10297,2,7.94,77.29,76.89,88.17,81.45
ST10297,3,5.98,52.19,60.18,60.49,61.69
ST10297,4,7.05,70.05,77.13,75.64,73.52
ST10299,1,6.54,73.92,57.64,61.59,54.05
ST10299,2,7.55,65.9,77.66,71.09,79.3
ST10299,3,7.92,68.81,79.63,75.52,87.64
ST10299,4,5.21,49.96,56.57,57.07,58.44
ST10302,1,7.2,67.79,68.2,70.78,76.3
ST10302,2,6.52,64.2,67.37,53.59,70.27
ST10302,3,5.86,53.85,48.61,64.3,58.52
ST10302,4,8.02,74.77,78.91,75.5,85.11
ST10306,1,6.15,55.53,62.46,47.55,60.48
ST10306,2,6.28,67.49,51.84,53.26,73.93
ST10306,3,6.99,77.94,79.81,67.9,64.88
ST10306,4,4.96,52.73,50.01,51.61,55.3
ST10308,1,8.99,91.82,79.97,99.98,95.2
ST10308,2,6.36,61.07,72.7,66.81,72.02
ST10308,3,5.33,57.82,41.45,51.8,60.31
ST10308,4,5.78,61.02,61.51,57.57,47.53
ST10309,1,5.8,58.76,55.34,61.86,56.01
ST10309,2,5.67,62.51,62.74,53.25,54.53
ST10309,3,5.8,66.87,68.49,57.39,63.06
ST10309,4,6.21,55.96,56.04,64.53,72.85
ST10310,1,6.53,68.08,72.82,74.97,66.6
ST10310,2,6.16,60.72,58.82,63.89,70.27
ST10310,3,6.99,69.01,77.72,71.82,68.82
ST10310,4,6.55,59.94,57.71,66.78,56.4
ST10311,1,7.01,73.98,63.35,70.11,86.43
ST10311,2,7.92,77.82,89.56,75.36,76.54
ST10311,3,6.91,64.4,74.25,77.27,60.83
ST10311,4,7.72,73.81,74.68,70.65,85.03
ST10313,1,4.7,49.16,51.37,47.1,44.89
ST10313,2,6.82,80.47,73.04,63.24,71.47
ST10313,3,6.99,79.91,64.15,53.35,75.93
ST10313,4,6.14,77.55,61.98,68.27,68.35
ST10323,1,6.31,67.24,66.03,71.05,69.39
ST10323,2,6.84,59.92,63.94,72.61,65.57
ST10323,3,6.46,67.94,64.46,56.71,65.8
ST10323,4,6.62,55.12,67.12,76.77,63.14
ST10324,1,7.1,87.38,73.95,58.03,85.43
ST10324,2,7.16,70.49,74.9,74.06,65.87
ST10324,3,6.99,63.05,76.59,62.56,77.75
ST10324,4,7.72,77.33,79.08,83.4,86.83
ST10333,1,6.7,60.46,73.91,63.43,73.94
ST10333,2,7.67,64.9,75.7,77.7,90.59
ST10333,3,7.41,67.86,71.12,79.13,82.69
ST10333,4,7.59,65.5,75.18,61.66,76.04
ST10336,1,9.63,100.0,95.42,100.0,100.0
ST10336,2,4.38,46.88,50.44,39.94,41.15
ST10336,3,6.58,78.72,72.22,62.53,69.76
ST10336,4,7.17,78.44,69.15,70.03,70.49
ST10339,1,5.15,43.34,44.14,45.66,58.22
ST10339,2,5.91,62.45,54.09,62.69,65.71
ST10339,3,6.06,64.92,60.76,59.02,68.63
ST10339,4,7.93,85.38,75.85,71.39,80.81
ST10341,1,5.75,63.06,45.37,59.17,49.58
ST10341,2,7.15,52.72,78.02,69.88,72.46
ST10341,3,5.56,40.77,58.35,59.83,74.09
ST10341,4,7.55,77.9,74.45,83.86,76.65
ST10342,1,7.7,70.29,64.86,82.5,88.49
ST10342,2,7.43,70.42,77.02,64.17,83.48
ST10342,3,7.34,76.24,84.63,75.04,85.43
ST10342,4,9.62,75.67,89.83,95.32,97.2
ST10343,1,5.94,45.98,62.19,56.8,62.75
ST10343,2,6.15,53.53,72.15,52.32,67.81
ST10343,3,6.91,68.84,68.5,66.55,65.1
ST10343,4,6.81,80.28,79.92,59.86,68.75
ST10344,1,8.7,92.25,84.56,89.64,88.71
ST10344,2,7.67,64.68,79.76,84.56,85.44
ST10344,3,9.3,89.94,90.89,88.21,83.54
ST10344,4,9.18,85.93,92.66,100.0,88.13
ST10345,1,7.59,76.49,71.59,78.11,71.36
ST10345,2,7.68,70.11,79.84,86.7,84.44
ST10345,3,5.81,55.02,54.44,52.26,60.57
ST10345,4,6.65,60.93,55.69,74.77,69.44
ST10347,1,6.23,56.28,67.64,74.32,58.03
ST10347,2,5.11,47.43,50.69,57.18,48.1
ST10347,3,8.44,84.35,66.76,84.37,87.35
ST10347,4,9.62,89.11,89.53,92.79,95.03
ST10348,1,6.2,63.69,50.52,66.19,57.37
ST10348,2,8.45,80.59,83.91,73.93,92.26
ST10348,3,7.55,87.21,75.55,67.94,74.57
ST10348,4,6.13,58.16,69.32,67.71,68.1
ST10349,1,7.04,66.45,75.02,83.8,67.18
ST10349,2,6.52,58.88,65.99,67.47,66.96
ST10349,3,6.62,58.21,66.72,66.88,73.63
ST10349,4,7.89,71.36,78.11,76.31,80.89
ST10351,1,7.25,66.49,70.25,82.63,81.23
ST10351,2,6.66,62.07,60.71,73.69,74.24
ST10351,3,6.89,70.33,69.89,63.52,81.04
ST10351,4,7.99,71.53,92.2,76.01,86.53
ST10359,1,7.24,79.71,61.75,68.26,80.32
ST10359,2,7.25,66.83,82.29,72.77,63.57
ST10359,3,7.01,75.75,73.87,80.33,80.19
ST10359,4,6.92,68.15,74.57,63.36,66.25
ST10361,1,8.92,80.94,98.49,93.67,100.0
ST10361,2,6.47,65.38,57.65,69.88,62.02
ST10361,3,6.97,70.78,64.97,64.51,72.8
ST10361,4,6.6,58.8,71.57,65.73,66.96
ST10362,1,7.82,79.5,77.82,70.64,82.78
ST10362,2,8.01,74.89,86.33,75.04,75.96
ST10362,3,8.89,94.76,82.28,82.8,90.52
ST10362,4,5.41,50.15,62.84,51.59,59.01
ST10364,1,6.45,62.62,61.86,65.31,74.55
ST10364,2,8.56,79.52,78.83,88.21,80.25
ST10364,3,6.6,69.42,55.2,61.47,76.44
ST10364,4,8.04,81.16,73.67,80.08,85.49
ST10365,1,7.53,76.59,73.8,77.88,74.35
ST10365,2,7.24,69.09,67.41,68.79,68.97
ST10365,3,6.1,51.04,53.26,77.76,53.18
ST10365,4,4.31,38.41,47.58,64.25,40.34
ST10367,1,8.65,88.88,90.11,79.99,86.33
ST10367,2,7.99,69.0,79.57,93.47,78.97
ST10367,3,7.84,64.44,83.27,74.22,82.45
ST10367,4,4.85,45.93,50.55,39.45,48.16
ST10370,1,6.12,59.59,52.88,67.75,58.33
ST10370,2,5.8,58.59,72.36,71.33,61.08
ST10370,3,5.04,52.9,45.81,56.13,50.11
ST10370,4,7.38,74.16,78.75,61.76,69.75
ST10372,1,5.53,59.05,65.15,53.29,58.9
ST10372,2,6.67,73.98,72.51,59.86,66.22
ST10372,3,6.75,73.1,70.66,75.57,79.08
ST10372,4,5.43,45.33,56.01,58.96,53.24
ST10373,1,8.06,74.6,62.74,70.73,84.15
ST10373,2,6.65,76.97,57.87,70.54,71.37
ST10373,3,8.54,82.25,84.22,72.4,88.56
ST10373,4,6.6,60.86,66.83,77.93,74.97
ST10374,1,8.65,84.09,78.85,89.53,76.31
ST10374,2,8.4,83.37,91.69,80.18,89.39
ST10374,3,8.3,89.3,87.93,68.0,87.83
ST10374,4,7.03,68.3,71.96,74.15,67.28
ST10376,1,6.45,71.56,54.08,60.54,76.3
ST10376,2,5.87,58.28,48.48,56.94,57.11
ST10376,3,7.36,64.15,68.74,72.01,76.33
ST10376,4,8.6,86.28,86.67,74.73,78.69
ST10377,1,7.82,68.43,74.73,80.11,74.09
ST10377,2,7.37,65.38,59.42,83.67,72.62
ST10377,3,6.05,51.36,56.86,65.69,65.19
ST10377,4,6.97,68.03,56.5,78.46,78.89
ST10379,1,5.51,60.06,57.51,63.49,59.75
ST10379,2,6.59,63.33,63.22,56.39,68.99
ST10379,3,7.24,57.73,73.11,63.11,67.28
ST10379,4,5.26,56.96,54.04,38.96,60.81
ST10380,1,6.43,73.64,49.11,66.07,62.91
ST10380,2,5.15,48.98,57.52,51.56,52.76
ST10380,3,7.53,73.53,64.64,71.04,70.23
ST10380,4,6.05,74.05,56.78,54.62,67.78
ST10381,1,8.19,78.65,82.47,82.86,79.57
ST10381,2,6.97,75.3,77.27,55.66,66.88
ST10381,3,7.09,59.38,73.92,84.38,77.01
ST10381,4,5.81,62.38,55.96,60.17,61.91
ST10382,1,7.5,79.13,74.56,80.24,76.87
ST10382,2,6.41,65.35,59.62,61.26,70.76
ST10382,3,6.39,63.68,71.16,66.55,62.63
ST10382,4,7.22,78.0,69.81,73.07,80.86
ST10384,1,9.22,94.62,82.59,92.13,96.23
ST10384,2,5.88,49.8,53.59,57.71,63.83
ST10384,3,7.74,58.23,83.29,78.02,75.69
ST10384,4,6.34,74.41,60.36,54.61,75.01
ST10386,1,5.71,63.61,53.53,53.3,59.95
ST10386,2,6.85,81.5,73.58,77.09,70.29
ST10386,3,7.96,74.57,76.91,87.91,81.38
ST10386,4,7.77,75.87,84.64,58.1,88.79
ST10387,1,7.93,86.74,82.1,86.28,76.2
ST10387,2,6.41,61.3,64.79,65.14,66.98
ST10387,3,8.22,80.16,82.08,82.42,89.13
ST10387,4,7.63,84.58,71.84,72.07,82.23
ST10390,1,5.6,46.55,39.99,50.34,65.31
ST10390,2,6.1,57.14,65.22,66.57,55.35
ST10390,3,6.63,63.02,65.22,71.37,64.36
ST10390,4,6.94,61.47,65.62,80.36,73.39
ST10391,1,7.02,57.68,59.68,76.74,81.29
ST10391,2,7.12,63.97,74.25,88.63,67.2
ST10391,3,7.04,82.18,58.24,70.48,74.23
ST10391,4,7.16,76.74,70.11,58.04,78.42
ST10393,1,7.18,64.12,70.38,73.4,79.63
ST10393,2,6.52,57.01,61.39,63.97,56.85
ST10393,3,7.17,88.37,62.99,70.74,59.2
ST10393,4,5.5,55.04,59.15,57.88,65.68
ST10396,1,4.28,41.76,40.43,49.82,52.27
ST10396,2,6.76,62.11,68.15,63.91,70.45
ST10396,3,8.36,75.36,81.25,81.46,84.89
ST10396,4,8.41,90.58,89.72,70.44,74.97
ST10401,1,7.41,80.48,74.0,77.65,85.4
ST10401,2,8.66,82.59,75.51,82.1,89.79
ST10401,3,9.08,83.69,93.57,85.51,91.7
ST10401,4,6.89,60.93,69.74,66.66,77.65
ST10404,1,7.23,77.33,74.09,78.06,73.35
ST10404,2,7.86,81.95,82.47,87.03,83.54
ST10404,3,7.67,72.11,67.1,80.97,79.51
ST10404,4,6.14,56.31,63.71,64.54,63.58
ST10405,1,8.51,79.5,71.49,94.5,80.82
ST10405,2,8.56,91.74,86.1,82.92,83.67
ST10405,3,6.71,68.87,82.13,67.97,74.58
ST10405,4,7.48,77.44,58.18,71.75,71.52
ST10407,1,7.03,75.29,73.62,62.79,65.13
ST10407,2,6.22,53.57,61.35,69.41,69.57
ST10407,3,8.42,92.34,84.98,81.65,87.92
ST10407,4,6.68,51.68,64.91,74.62,68.36
ST10408,1,7.57,70.64,81.1,71.41,78.49
ST10408,2,6.88,61.82,69.71,61.53,65.93
ST10408,3,4.0,26.02,40.56,38.03,42.65
ST10408,4,7.64,70.73,57.33,85.46,83.02
ST10409,1,5.83,46.73,65.86,58.53,71.24
ST10409,2,5.87,61.05,58.63,63.36,67.74
ST10409,3,6.8,61.78,61.76,75.86,72.09
ST10409,4,6.94,69.39,63.44,63.98,76.41
ST10411,1,6.76,67.4,52.99,68.28,69.68
ST10411,2,7.76,76.74,79.56,80.63,91.13
ST10411,3,7.01,65.49,71.85,77.09,63.93
ST10411,4,7.84,80.9,83.24,63.92,90.02
ST10418,1,8.64,89.83,75.1,90.02,90.68
ST10418,2,4.0,33.61,35.97,36.08,44.19
ST10418,3,5.88,69.6,54.34,56.75,60.79
ST10418,4,6.81,44.12,67.81,68.63,74.56
ST10419,1,5.09,54.21,52.69,56.35,63.84
ST10419,2,5.79,67.52,69.6,52.32,63.95
ST10419,3,7.94,78.07,75.53,73.17,82.2
ST10419,4,8.6,78.47,84.64,72.15,100.0
ST10422,1,7.56,86.67,71.44,64.72,71.5
ST10422,2,8.47,85.95,76.71,87.86,93.96
ST10422,3,5.12,57.55,53.6,58.6,57.78
ST10422,4,8.28,78.97,88.51,77.95,81.14
ST10423,1,7.94,73.74,82.08,77.13,80.82
ST10423,2,7.25,72.67,69.04,69.91,77.54
ST10423,3,5.64,44.07,54.51,57.23,68.25
ST10423,4,7.61,77.83,83.37,69.4,76.15
ST10424,1,6.72,67.17,73.94,59.65,54.03
ST10424,2,7.99,83.32,81.2,78.93,97.25
ST10424,3,7.58,76.09,71.44,77.68,78.25
ST10424,4,5.5,62.44,65.86,46.1,59.7
ST10427,1,5.91,52.02,66.52,51.97,56.91
ST10427,2,5.59,63.61,54.4,59.59,59.75
ST10427,3,9.04,88.54,85.09,88.85,91.58
ST10427,4,8.48,88.4,77.34,70.83,81.91
ST10429,1,7.2,67.09,78.17,70.66,71.89
ST10429,2,5.74,74.28,55.91,55.8,45.76
ST10429,3,8.2,87.96,88.11,92.53,86.25
ST10429,4,7.9,68.56,66.63,66.45,85.52
ST10430,1,7.28,75.45,68.92,63.93,85.87
ST10430,2,4.87,35.11,50.9,53.11,50.27
ST10430,3,6.13,66.45,63.73,76.38,63.36
ST10430,4,7.98,79.53,86.93,83.22,82.43
ST10431,1,6.17,63.51,50.84,60.53,72.34
ST10431,2,8.08,81.24,87.39,85.36,81.02
ST10431,3,7.93,90.82,89.16,79.79,71.25
ST10431,4,8.01,78.44,80.4,87.75,76.34
ST10433,1,5.99,53.8,73.98,58.45,53.68
ST10433,2,6.99,69.05,54.38,72.71,67.21
ST10433,3,7.67,82.35,70.87,69.35,82.0
ST10433,4,6.2,60.82,65.79,56.25,73.22
ST10436,1,6.58,56.85,58.44,56.36,81.31
ST10436,2,7.96,83.78,84.46,69.77,90.45
ST10436,3,8.14,76.73,84.58,92.62,76.07
ST10436,4,7.78,84.98,71.56,69.88,84.7
ST10439,1,6.81,55.85,69.67,75.21,74.97
ST10439,2,5.07,36.41,56.42,60.11,60.41
ST10439,3,8.12,86.12,69.69,73.82,84.29
ST10439,4,6.48,63.63,68.8,63.36,70.46
ST10440,1,8.63,95.12,83.81,89.26,94.12
ST10440,2,7.83,66.66,80.4,80.69,73.51
ST10440,3,6.16,62.05,60.28,73.41,61.02
ST10440,4,7.58,75.66,64.0,71.6,84.12
ST10443,1,7.57,81.29,76.11,72.68,82.41
ST10443,2,9.02,93.93,86.24,89.3,87.32
ST10443,3,8.34,78.98,73.03,78.48,75.36
ST10443,4,5.82,60.92,46.84,65.13,52.77
ST10444,1,9.07,72.61,84.47,100.0,91.84
ST10444,2,8.26,82.02,77.48,76.88,86.81
ST10444,3,7.98,73.82,73.27,78.81,81.08
ST10444,4,7.51,71.5,89.33,72.43,74.72
ST10445,1,6.82,63.87,77.32,70.22,66.87
ST10445,2,6.54,68.5,79.09,61.36,74.6
ST10445,3,5.83,63.01,56.9,56.09,63.7
ST10445,4,7.79,60.82,86.34,85.75,80.74
ST10446,1,6.85,72.61,68.76,72.37,71.08
ST10446,2,6.93,71.49,67.15,69.71,65.55
ST10446,3,7.88,78.08,87.78,79.21,83.77
ST10446,4,6.86,66.17,73.28,72.56,72.37
ST10448,1,6.88,61.34,61.21,77.51,68.65
ST10448,2,5.29,53.79,54.01,51.55,45.89
ST10448,3,8.42,86.04,91.58,80.63,90.79
ST10448,4,8.8,83.68,84.27,70.51,90.76
ST10450,1,7.22,59.83,74.74,79.61,77.92
ST10450,2,6.59,64.58,79.09,63.31,63.05
ST10450,3,7.5,79.9,82.46,73.92,77.38
ST10450,4,7.37,73.39,65.67,81.68,77.4
ST10451,1,8.27,81.68,83.21,80.07,79.46
ST10451,2,6.65,63.42,66.64,64.7,65.49
ST10451,3,8.73,92.13,91.3,74.31,84.2
ST10451,4,6.48,50.55,61.93,63.13,67.59
ST10454,1,7.76,66.92,84.7,70.23,68.8
ST10454,2,6.29,58.98,67.35,58.28,71.38
ST10454,3,7.01,70.46,73.88,77.13,65.02
ST10454,4,6.66,75.86,73.05,63.88,74.31
ST10458,1,6.23,69.52,57.49,77.52,51.36
ST10458,2,4.37,50.92,45.23,29.91,48.03
ST10458,3,6.1,64.26,54.33,50.84,65.22
ST10458,4,7.24,56.91,80.63,55.86,69.23
ST10460,1,6.48,69.03,62.34,62.0,69.24
ST10460,2,7.2,72.88,64.89,72.57,65.81
ST10460,3,6.47,67.67,61.82,69.34,64.39
ST10460,4,7.63,73.91,84.2,75.15,70.04
ST10461,1,7.72,78.51,77.13,71.69,67.99
ST10461,2,6.09,66.36,70.15,54.5,55.8
ST10461,3,7.23,80.33,70.76,67.05,76.78
ST10461,4,8.1,78.56,88.88,78.49,76.03
ST10462,1,4.0,32.91,41.29,42.68,42.09
ST10462,2,6.72,72.52,75.35,77.36,66.84
ST10462,3,4.86,51.31,43.55,46.21,49.35
ST10462,4,6.9,59.42,67.75,75.66,73.19
ST10463,1,6.94,60.04,72.86,72.82,68.57
ST10463,2,7.01,80.1,71.37,69.24,61.09
ST10463,3,5.74,63.34,65.14,49.59,60.13
ST10463,4,6.33,55.36,52.28,63.13,62.3
ST10465,1,7.85,68.43,74.73,74.12,60.97
ST10465,2,9.09,86.66,92.52,82.19,87.2
ST10465,3,8.01,80.47,67.14,69.33,85.23
ST10465,4,7.31,79.65,75.8,54.88,80.56
ST10467,1,8.28,76.99,90.98,91.88,56.42
ST10467,2,5.87,61.47,58.99,61.81,71.27
ST10467,3,5.87,63.71,61.62,63.58,57.5
ST10467,4,6.08,50.6,66.61,75.33,66.61
ST10468,1,5.76,56.62,60.25,57.29,62.0
ST10468,2,6.56,70.82,80.97,63.95,68.71
ST10468,3,5.09,55.07,45.5,56.95,58.04
ST10468,4,8.93,86.09,79.4,87.65,88.12
ST10469,1,6.78,60.15,53.5,63.09,86.21
ST10469,2,6.42,58.73,58.51,52.74,69.6
ST10469,3,8.66,83.1,82.82,78.95,81.11
ST10469,4,6.25,66.74,67.5,52.6,76.13
ST10470,1,6.19,69.9,68.04,52.16,62.3
ST10470,2,6.8,64.23,61.41,75.98,56.58
ST10470,3,6.76,46.23,76.45,72.48,63.81
ST10470,4,7.25,58.17,64.35,67.08,73.99
ST10472,1,7.96,91.7,83.9,68.35,77.47
ST10472,2,6.9,55.02,79.86,62.67,69.16
ST10472,3,6.1,64.67,74.01,62.35,59.06
ST10472,4,9.38,99.72,99.57,88.54,90.12
ST10473,1,7.51,78.57,69.69,69.06,74.47
ST10473,2,7.74,70.84,83.03,73.52,84.21
ST10473,3,7.18,61.56,70.76,88.96,61.93
ST10473,4,6.69,75.22,68.45,70.32,60.19
ST10474,1,7.91,80.98,79.68,89.64,76.95
ST10474,2,6.24,66.16,60.21,68.94,59.42
ST10474,3,8.5,81.46,81.24,82.76,91.53
ST10474,4,6.06,49.05,59.73,67.89,68.03
ST10476,1,6.45,63.29,55.33,66.88,76.55
ST10476,2,6.68,62.81,67.9,68.1,68.68
ST10476,3,7.09,71.15,80.49,76.72,83.45
ST10476,4,8.99,90.23,78.58,86.13,92.64
ST10479,1,7.65,75.15,72.94,71.41,69.8
ST10479,2,7.26,61.68,58.45,68.95,74.63
ST10479,3,5.8,65.31,64.46,49.85,59.82
ST10479,4,6.63,59.15,64.11,66.04,56.8
ST10486,1,8.75,79.77,84.48,83.66,81.63
ST10486,2,7.12,63.79,77.84,71.08,72.22
ST10486,3,7.53,78.86,84.09,71.18,71.0
ST10486,4,5.91,56.76,51.51,60.4,65.37
ST10488,1,7.59,77.34,62.4,69.42,79.92
ST10488,2,6.62,61.64,71.39,68.67,58.02
ST10488,3,7.09,76.15,67.41,60.41,73.14
ST10488,4,8.12,87.17,73.65,83.74,100.0
ST10489,1,9.23,87.97,90.31,88.69,89.74
ST10489,2,6.38,53.98,61.73,56.63,77.83
ST10489,3,7.34,88.4,84.1,66.18,64.08
ST10489,4,6.43,64.24,69.48,66.94,68.34
ST10491,1,7.89,74.45,71.68,67.17,88.56
ST10491,2,5.67,50.93,50.7,67.8,64.93
ST10491,3,8.24,87.46,80.78,94.17,90.68
ST10491,4,4.68,40.09,46.43,49.7,44.44
ST10492,1,7.99,67.41,74.66,81.09,76.49
ST10492,2,7.94,60.89,71.57,86.82,78.46
ST10492,3,6.91,61.94,72.77,59.88,72.06
ST10492,4,8.89,89.56,92.2,80.74,82.16
ST10493,1,7.02,60.84,75.19,75.04,68.33
ST10493,2,5.99,55.42,58.95,59.23,49.4
ST10493,3,9.31,91.78,91.4,93.95,96.55
ST10493,4,6.99,59.85,75.99,86.07,72.03
ST10495,1,6.28,62.29,56.02,66.08,65.19
ST10495,2,7.58,76.58,69.63,73.07,79.9
ST10495,3,7.57,74.96,65.97,90.72,74.1
ST10495,4,5.9,52.32,64.57,67.54,59.07
ST10500,1,5.86,55.87,59.54,62.37,65.04
ST10500,2,4.13,46.92,45.89,49.3,44.9
ST10500,3,6.68,73.17,71.14,73.65,62.96
ST10500,4,7.26,60.87,79.41,77.77,72.77
ST10505,1,6.79,59.37,73.01,60.86,76.85
ST10505,2,6.45,74.65,54.14,69.04,70.41
ST10505,3,6.72,71.02,60.88,77.85,62.84
ST10505,4,7.11,66.06,72.3,72.7,81.03
ST10507,1,6.28,74.96,53.11,52.78,66.82
ST10507,2,6.05,60.92,63.79,58.61,56.57
ST10507,3,6.67,55.0,60.4,70.9,72.15
ST10507,4,6.17,63.18,55.46,59.64,63.29
ST10511,1,5.89,67.97,56.79,58.64,56.64
ST10511,2,8.0,78.55,77.43,82.75,84.07
ST10511,3,7.99,78.75,65.86,74.13,82.87
ST10511,4,6.91,75.39,76.45,61.48,73.99
ST10512,1,7.81,71.51,72.71,77.45,74.23
ST10512,2,7.09,80.68,74.8,67.44,67.94
ST10512,3,8.39,91.49,82.13,96.45,87.32
ST10512,4,7.69,80.93,70.52,77.98,68.7
ST10515,1,7.2,77.97,75.34,67.42,75.24
ST10515,2,7.01,61.62,68.2,73.3,72.7
ST10515,3,7.6,70.28,79.76,75.75,74.63
ST10515,4,7.02,63.64,61.25,71.92,84.7
ST10516,1,6.8,60.17,74.34,71.02,70.64
ST10516,2,5.28,51.75,47.72,51.27,46.66
ST10516,3,6.87,63.46,69.24,71.78,74.72
ST10516,4,6.65,66.11,65.05,71.48,69.57
ST10517,1,5.97,64.82,64.45,68.41,55.01
ST10517,2,6.05,70.58,47.56,58.59,61.49
ST10517,3,8.89,97.7,80.93,98.0,85.97
ST10517,4,7.96,85.94,74.54,68.88,87.27
ST10520,1,4.87,48.18,38.12,52.85,54.71
ST10520,2,8.56,82.67,70.01,79.7,86.03
ST10520,3,7.29,68.72,74.36,61.78,74.28
ST10520,4,6.49,62.65,69.46,63.88,68.38
ST10521,1,6.27,62.35,53.78,63.97,65.61
ST10521,2,7.87,80.62,78.21,83.55,77.82
ST10521,3,7.83,81.47,77.14,82.91,72.88
ST10521,4,7.6,76.26,84.19,83.28,72.19
ST10523,1,6.89,71.39,66.33,67.54,71.02
ST10523,2,5.02,64.18,55.65,52.28,50.27
ST10523,3,7.96,65.47,78.61,69.12,88.41
ST10523,4,4.56,41.79,41.92,56.77,45.18
ST10524,1,5.82,45.89,46.86,66.16,63.27
ST10524,2,6.04,59.22,49.02,63.98,54.78
ST10524,3,8.09,79.17,83.95,75.76,86.78
ST10524,4,7.25,80.66,68.68,68.93,79.44
ST10525,1,5.39,56.89,52.46,51.95,55.73
ST10525,2,7.33,70.07,72.58,85.52,79.74
ST10525,3,7.38,70.07,77.36,77.72,79.02
ST10525,4,7.61,62.11,66.9,83.14,72.0
ST10527,1,6.02,47.19,65.38,58.94,74.39
ST10527,2,8.14,92.19,93.9,77.95,84.05
ST10527,3,6.79,63.6,68.54,62.51,75.62
ST10527,4,6.13,43.92,66.48,62.95,67.14
ST10528,1,7.08,72.56,76.44,65.49,63.8
ST10528,2,8.3,84.56,82.57,84.21,93.31
ST10528,3,7.86,61.83,80.14,77.95,83.18
ST10528,4,8.19,85.53,80.91,79.84,92.84
ST10530,1,5.96,63.07,58.08,49.96,59.9
ST10530,2,8.5,90.21,81.94,80.09,90.16
ST10530,3,8.32,84.06,82.43,84.14,81.31
ST10530,4,8.8,82.84,87.08,84.19,88.95
ST10533,1,6.28,56.92,66.42,58.44,54.71
ST10533,2,6.03,58.53,67.1,65.99,61.45
ST10533,3,6.98,74.99,65.33,57.2,71.93
ST10533,4,7.41,68.58,79.4,67.28,72.82
ST10534,1,7.64,80.85,73.04,72.64,83.66
ST10534,2,5.57,66.77,52.68,58.49,49.94
ST10534,3,6.72,59.75,75.6,65.86,72.46
ST10534,4,6.01,60.45,51.51,69.89,61.4
ST10536,1,6.69,57.24,62.72,77.98,70.87
ST10536,2,7.41,76.51,77.54,65.96,75.44
ST10536,3,8.13,80.47,72.17,78.74,85.05
ST10536,4,6.8,69.87,71.18,63.88,75.93
ST10538,1,6.29,74.19,62.49,66.04,55.0
ST10538,2,5.61,59.87,48.95,50.63,52.46
ST10538,3,7.55,77.76,72.79,65.98,69.89
ST10538,4,7.1,70.26,76.75,65.02,72.64
ST10539,1,6.74,57.21,68.42,59.19,76.13
ST10539,2,7.34,79.92,82.31,68.78,74.71
ST10539,3,9.39,93.57,95.42,87.63,89.06
ST10539,4,4.26,44.34,38.95,52.94,50.33
ST10540,1,9.77,85.65,96.81,87.07,97.66
ST10540,2,8.06,73.8,94.74,73.08,75.4
ST10540,3,7.17,80.38,70.69,77.42,65.6
ST10540,4,7.57,85.33,74.93,72.61,73.46
ST10542,1,7.87,89.62,73.97,72.55,69.72
ST10542,2,6.75,58.63,61.9,62.03,70.68
ST10542,3,7.69,78.32,75.42,67.8,90.64
ST10542,4,5.84,47.02,62.31,62.81,71.67
ST10543,1,5.15,51.53,59.17,46.32,65.7
ST10543,2,5.75,43.65,56.56,62.72,60.12
ST10543,3,5.78,47.23,55.0,55.54,59.92
ST10543,4,6.91,70.77,67.87,64.22,77.45
ST10545,1,6.04,67.86,51.89,61.85,74.1
ST10545,2,8.26,76.7,75.74,82.81,84.36
ST10545,3,6.66,74.54,52.97,59.02,55.55
ST10545,4,8.46,85.2,89.36,87.96,92.64
ST10546,1,6.97,67.55,79.72,64.96,62.03
ST10546,2,7.33,70.6,73.09,71.13,78.66
ST10546,3,8.23,77.89,74.65,81.01,77.31
ST10546,4,7.74,61.31,83.34,78.45,85.03
ST10547,1,7.35,71.07,71.45,67.07,68.93
ST10547,2,6.92,70.75,66.19,62.39,72.99
ST10547,3,6.46,70.12,48.52,64.11,56.57
ST10547,4,6.96,63.15,72.79,70.06,81.77
ST10550,1,5.19,61.3,49.03,49.22,51.84
ST10550,2,7.28,67.09,74.08,76.36,81.12
ST10550,3,6.61,66.92,68.42,67.48,65.25
ST10550,4,6.98,72.74,60.4,66.78,65.36
ST10552,1,7.78,67.63,80.28,74.9,74.63
ST10552,2,6.73,67.51,66.16,57.62,65.41
ST10552,3,7.17,73.88,74.27,76.85,72.22
ST10552,4,7.46,69.87,74.26,73.02,80.58
ST10554,1,6.5,67.69,72.92,57.65,59.14
ST10554,2,7.41,67.72,83.67,60.98,79.87
ST10554,3,7.31,80.52,65.11,67.67,74.49
ST10554,4,7.05,72.37,60.57,75.38,85.68
ST10555,1,7.49,85.06,69.04,79.33,68.79
ST10555,2,6.69,72.21,59.45,67.06,66.57
ST10555,3,7.36,78.9,71.16,63.52,75.91
ST10555,4,5.46,51.2,58.72,60.7,54.81
ST10556,1,6.99,69.52,70.65,68.09,75.49
ST10556,2,9.29,99.84,99.04,98.83,88.66
ST10556,3,5.75,50.17,68.27,55.1,59.35
ST10556,4,7.22,77.48,74.44,66.89,71.85
ST10558,1,7.23,71.97,70.95,73.41,76.43
ST10558,2,7.15,80.32,61.99,68.35,75.5
ST10558,3,8.75,100.0,79.44,81.2,92.24
ST10558,4,5.74,50.35,61.14,61.82,60.17
ST10559,1,7.4,78.97,64.73,81.32,73.38
ST10559,2,7.2,66.74,63.19,65.53,81.31
ST10559,3,7.64,79.06,81.94,71.53,88.17
ST10559,4,8.87,86.26,92.62,83.8,80.68
ST10560,1,6.7,64.85,68.39,67.4,73.72
ST10560,2,6.82,69.72,68.8,60.92,60.82
ST10560,3,7.11,68.82,66.82,64.63,77.6
ST10560,4,6.26,57.89,57.02,67.54,66.3
ST10561,1,7.44,59.74,79.13,64.28,72.72
ST10561,2,8.46,77.75,100.0,88.87,79.16
ST10561,3,6.87,69.61,77.12,74.09,65.68
ST10561,4,7.56,65.3,77.42,75.28,79.45
ST10566,1,6.34,67.48,67.25,67.98,56.63
ST10566,2,8.23,81.44,78.52,70.71,76.94
ST10566,3,9.53,85.9,89.68,94.98,93.04
ST10566,4,7.37,71.87,70.67,60.52,80.4
ST10567,1,6.91,71.58,71.25,61.21,76.22
ST10567,2,8.02,74.67,90.09,77.05,77.63
ST10567,3,6.58,63.18,62.56,64.87,67.46
ST10567,4,5.07,44.61,56.74,47.58,48.65
ST10568,1,6.48,57.7,56.0,71.12,71.61
ST10568,2,8.11,78.49,91.33,69.3,80.2
ST10568,3,7.24,64.34,69.69,69.07,81.08
ST10568,4,7.38,71.63,77.0,74.58,84.33
ST10569,1,9.16,99.45,79.33,90.4,95.08
ST10569,2,5.86,70.86,50.64,65.71,60.68
ST10569,3,4.9,56.61,38.55,44.62,52.46
ST10569,4,6.34,67.4,61.92,75.84,56.38
ST10572,1,6.7,64.41,63.61,73.93,69.53
ST10572,2,5.17,46.64,56.15,51.12,68.58
ST10572,3,7.15,62.44,73.48,63.91,72.57
ST10572,4,5.26,55.55,57.26,46.18,61.51
ST10573,1,6.22,72.82,55.57,65.97,61.85
ST10573,2,7.51,73.84,83.51,64.57,79.72
ST10573,3,4.66,46.05,48.74,55.87,42.05
ST10573,4,9.02,90.19,94.07,92.18,86.73
ST10578,1,8.08,83.35,89.22,78.11,82.55
ST10578,2,7.29,71.83,71.17,73.3,73.61
ST10578,3,8.15,87.49,80.32,71.07,94.73
ST10578,4,6.87,61.58,68.82,76.57,60.22
ST10579,1,7.8,84.95,78.03,74.08,84.16
ST10579,2,6.89,68.66,61.03,75.29,70.88
ST10579,3,7.58,69.31,76.67,74.54,77.99
ST10579,4,6.52,69.27,64.86,64.7,66.53
ST10581,1,6.92,71.28,73.41,70.56,70.69
ST10581,2,5.58,58.79,50.27,53.86,63.63
ST10581,3,5.26,49.56,57.47,54.05,60.89
ST10581,4,8.73,79.96,82.12,90.55,91.96
ST10584,1,9.33,88.49,87.9,90.36,87.02
ST10584,2,5.53,50.71,56.83,61.57,63.82
ST10584,3,8.03,85.96,71.46,82.39,83.86
ST10584,4,7.65,65.39,60.74,70.47,78.58
ST10595,1,6.78,62.81,68.13,73.37,69.7
ST10595,2,6.21,57.12,60.91,60.61,58.17
ST10595,3,5.42,60.74,54.73,53.09,56.62
ST10595,4,6.31,63.55,61.12,52.53,73.43
ST10596,1,9.23,85.94,94.75,90.86,88.55
ST10596,2,6.1,58.17,52.91,69.53,63.31
ST10596,3,7.14,75.81,59.16,70.21,65.28
ST10596,4,5.54,55.42,69.22,51.52,46.05
ST10598,1,7.82,94.05,72.77,68.24,75.61
ST10598,2,7.01,73.83,51.02,68.82,75.82
ST10598,3,5.81,56.25,71.11,61.3,61.34
ST10598,4,8.21,78.23,69.49,82.01,82.48
ST10601,1,6.16,63.83,52.71,67.36,66.97
ST10601,2,7.06,73.05,64.61,66.64,72.22
ST10601,3,7.82,77.51,81.19,77.01,85.13
ST10601,4,5.76,48.47,53.14,62.72,67.22
ST10602,1,8.26,89.2,76.64,79.92,92.65
ST10602,2,6.95,69.98,73.88,74.43,82.51
ST10602,3,7.14,75.26,68.92,68.99,75.98
ST10602,4,8.94,95.67,78.0,89.51,93.29
ST10607,1,5.87,67.13,62.34,60.42,55.21
ST10607,2,5.7,50.08,51.8,62.1,53.55
ST10607,3,8.91,73.15,80.07,85.48,91.95
ST10607,4,7.56,79.5,60.62,71.3,75.68
ST10608,1,7.19,69.62,70.94,76.11,77.79
ST10608,2,7.54,68.29,96.56,71.73,83.28
ST10608,3,6.93,71.87,75.7,80.92,72.3
ST10608,4,6.59,65.3,70.76,74.73,70.65
ST10613,1,4.85,54.8,52.13,57.01,49.8
ST10613,2,7.05,69.0,68.24,73.65,71.93
ST10613,3,5.26,49.1,49.39,50.77,55.91
ST10613,4,7.84,75.15,76.58,65.2,81.79
ST10614,1,6.6,64.63,67.91,66.35,72.91
ST10614,2,6.44,67.8,64.16,59.77,62.97
ST10614,3,6.95,66.62,70.5,65.78,72.57
ST10614,4,7.06,69.51,81.9,63.02,63.52
ST10616,1,5.54,58.95,58.31,59.26,58.43
ST10616,2,6.83,60.26,65.85,59.04,72.33
ST10616,3,6.51,72.03,62.76,61.13,68.95
ST10616,4,5.94,52.66,56.48,64.1,70.83
ST10619,1,8.23,72.74,86.23,72.79,89.55
ST10619,2,7.36,74.5,74.14,70.62,71.81
ST10619,3,4.96,52.27,50.08,50.16,52.34
ST10619,4,5.32,42.92,58.7,54.28,52.85
ST10621,1,8.39,84.44,76.72,98.1,89.47
ST10621,2,6.49,60.82,58.77,54.97,62.85
ST10621,3,5.77,50.85,59.06,60.08,65.46
ST10621,4,4.32,37.74,49.7,37.26,52.2
ST10623,1,4.22,49.4,50.04,50.91,33.62
ST10623,2,6.19,61.33,64.56,64.54,69.33
ST10623,3,8.23,74.83,79.43,78.75,90.09
ST10623,4,6.46,56.2,62.05,65.58,69.85
ST10624,1,5.01,50.34,48.67,43.73,55.24
ST10624,2,9.18,92.29,85.4,91.03,89.07
ST10624,3,6.62,65.74,61.1,54.87,69.0
ST10624,4,8.08,80.94,75.92,69.66,87.58
ST10628,1,6.78,72.46,57.01,63.37,67.91
ST10628,2,8.49,99.75,80.44,83.25,96.22
ST10628,3,7.15,68.66,73.88,79.66,71.83
ST10628,4,6.36,59.92,69.99,56.01,56.55
ST10631,1,4.59,42.84,51.76,43.97,43.16
ST10631,2,6.41,65.33,68.34,54.88,70.4
ST10631,3,6.68,75.37,66.77,66.95,80.78
ST10631,4,7.4,65.84,71.42,73.87,73.11
ST10632,1,7.15,73.75,67.65,69.51,75.97
ST10632,2,8.61,81.31,87.72,83.82,87.87
ST10632,3,8.11,73.01,86.9,73.48,79.4
ST10632,4,5.46,62.38,57.0,56.77,58.32
ST10633,1,6.05,59.13,52.13,56.64,56.41
ST10633,2,6.35,63.04,66.17,65.04,55.58
ST10633,3,4.95,54.36,63.6,56.71,52.88
ST10633,4,6.77,58.43,67.4,56.79,66.55
ST10634,1,8.7,99.77,76.44,69.65,99.86
ST10634,2,6.17,56.5,64.04,56.54,65.66
ST10634,3,6.36,61.71,55.87,62.77,62.71
ST10634,4,6.07,63.24,67.63,42.75,73.97
ST10636,1,5.25,50.58,63.31,54.26,59.31
ST10636,2,6.51,63.03,62.51,72.91,69.05
ST10636,3,8.29,74.3,86.61,81.84,81.92
ST10636,4,7.93,74.18,82.85,82.8,81.92
ST10638,1,7.07,73.2,70.92,71.27,67.05
ST10638,2,7.44,79.6,72.54,70.12,72.51
ST10638,3,8.49,82.3,82.42,84.47,93.4
ST10638,4,8.45,87.59,82.11,76.82,84.01
ST10645,1,6.73,64.43,58.82,64.48,68.08
ST10645,2,6.05,50.68,48.93,57.36,79.02
ST10645,3,6.71,69.43,65.61,65.86,72.89
ST10645,4,7.28,69.03,76.68,76.96,62.22
ST10646,1,9.44,95.5,95.13,90.68,88.86
ST10646,2,6.47,59.07,65.24,72.5,61.02
ST10646,3,7.37,79.76,72.28,64.56,63.0
ST10646,4,5.32,60.57,49.78,64.02,58.69
ST10647,1,7.41,70.31,76.75,74.01,75.79
ST10647,2,5.69,54.58,45.76,54.28,63.81
ST10647,3,6.82,78.94,74.09,66.39,82.2
ST10647,4,5.93,56.03,56.82,62.49,64.43
ST10648,1,6.72,60.85,63.39,63.94,73.69
ST10648,2,6.08,73.01,72.94,60.09,61.44
ST10648,3,7.26,69.53,75.76,74.26,76.81
ST10648,4,6.92,71.25,72.87,68.27,68.59
ST10649,1,5.33,54.33,55.87,35.22,60.97
ST10649,2,5.86,66.92,69.75,52.05,60.24
ST10649,3,6.96,68.26,77.06,70.73,71.01
ST10649,4,6.66,68.71,67.55,54.86,65.23
ST10652,1,6.26,68.34,57.24,55.12,68.4
ST10652,2,5.44,59.57,48.63,57.32,57.96
ST10652,3,6.14,56.36,63.91,47.39,63.31
ST10652,4,6.73,70.95,63.13,63.45,72.44
ST10654,1,8.12,82.51,89.28,88.91,80.84
ST10654,2,7.43,75.1,80.33,67.43,77.66
ST10654,3,7.49,76.75,62.8,74.6,81.25
ST10654,4,7.31,66.25,75.66,77.07,68.59
ST10656,1,7.2,61.47,80.93,73.43,83.57
ST10656,2,8.93,90.47,81.9,90.76,88.11
ST10656,3,6.65,66.41,60.13,75.05,78.25
ST10656,4,6.31,58.12,69.39,65.64,62.26
ST10663,1,7.47,52.9,73.45,84.24,79.73
ST10663,2,8.55,88.37,81.02,82.93,93.42
ST10663,3,7.69,67.84,84.42,57.8,84.46
ST10663,4,7.3,71.09,72.08,69.05,87.51
ST10664,1,6.58,67.24,65.74,76.91,73.43
ST10664,2,5.05,68.6,53.92,44.59,44.5
ST10664,3,6.43,63.46,67.61,62.44,67.22
ST10664,4,8.66,93.07,90.06,97.8,99.2
ST10667,1,7.91,69.71,83.46,85.51,86.63
ST10667,2,5.88,54.51,73.74,60.04,62.38
ST10667,3,8.8,93.83,79.47,88.04,84.34
ST10667,4,6.45,58.35,76.82,66.25,58.06
ST10669,1,7.24,83.32,61.41,77.52,70.44
ST10669,2,7.15,76.1,72.65,64.67,69.49
ST10669,3,7.2,71.28,76.41,58.52,73.26
ST10669,4,6.45,60.54,60.85,68.17,59.57
ST10671,1,6.5,66.42,60.26,54.04,71.26
ST10671,2,6.1,54.62,65.03,65.52,65.43
ST10671,3,5.13,40.9,46.02,63.44,54.33
ST10671,4,6.25,60.94,61.77,65.38,59.34
ST10672,1,8.37,71.98,86.82,75.07,82.03
ST10672,2,8.29,79.4,81.38,82.68,80.18
ST10672,3,6.7,73.2,54.64,69.6,60.83
ST10672,4,8.37,87.67,86.79,81.08,86.5
ST10674,1,6.67,61.54,69.95,77.95,60.01
ST10674,2,7.08,77.75,75.75,83.31,74.3
ST10674,3,6.71,67.83,74.82,64.88,73.16
ST10674,4,7.08,68.33,87.69,75.02,78.83
ST10675,1,7.55,72.01,76.53,85.1,78.82
ST10675,2,6.22,64.3,55.76,65.07,71.23
ST10675,3,7.29,71.4,68.5,68.51,74.08
ST10675,4,7.29,63.79,66.34,67.53,69.63
ST10677,1,6.94,54.92,85.64,71.38,66.44
ST10677,2,6.86,67.51,63.33,71.59,68.91
ST10677,3,8.21,74.26,83.63,81.76,85.03
ST10677,4,7.48,71.86,67.06,67.86,88.98
ST10681,1,5.79,72.56,62.07,62.29,67.06
ST10681,2,6.26,66.94,62.48,65.86,71.65
ST10681,3,7.2,87.69,62.16,74.53,67.06
ST10681,4,5.02,49.81,42.66,49.26,48.23
ST10686,1,6.54,59.89,51.03,79.52,72.34
ST10686,2,7.65,70.78,74.69,80.72,75.95
ST10686,3,8.36,87.95,76.93,87.7,89.67
ST10686,4,7.07,79.48,69.99,58.72,71.24
ST10688,1,7.13,76.12,62.42,65.63,75.87
ST10688,2,8.98,87.43,91.85,95.58,84.92
ST10688,3,6.35,65.6,72.86,67.49,72.37
ST10688,4,7.55,73.7,66.71,75.83,82.85
ST10690,1,7.43,76.46,68.82,74.55,71.38
ST10690,2,6.63,70.08,71.75,67.9,65.16
ST10690,3,7.96,77.31,78.9,81.45,87.85
ST10690,4,7.58,64.98,74.15,76.85,83.4
ST10691,1,6.12,62.61,62.15,56.89,62.31
ST10691,2,6.48,53.12,67.81,52.79,66.09
ST10691,3,6.8,72.18,71.38,73.99,67.61
ST10691,4,4.65,40.06,46.08,56.17,55.13
ST10692,1,7.37,72.25,76.02,66.44,71.57
ST10692,2,7.58,76.99,72.75,83.26,71.21
ST10692,3,7.05,71.84,69.8,86.91,60.03
ST10692,4,4.47,44.58,48.37,36.77,44.55
ST10693,1,7.52,60.25,72.13,69.27,76.09
ST10693,2,7.39,67.74,71.11,64.1,79.81
ST10693,3,7.64,76.15,78.21,77.56,71.66
ST10693,4,6.53,73.27,61.64,63.83,56.66
ST10695,1,6.75,67.18,65.79,66.66,72.64
ST10695,2,7.99,88.78,82.55,75.18,74.28
ST10695,3,7.91,83.47,74.61,81.84,77.51
ST10695,4,7.12,63.09,64.57,84.55,77.46
ST10696,1,7.4,65.58,59.85,63.68,71.51
ST10696,2,6.99,70.64,67.86,75.68,81.06
ST10696,3,9.61,88.72,99.68,81.9,100.0
ST10696,4,5.57,56.65,62.27,43.65,66.95
ST10697,1,5.23,59.34,55.95,50.7,52.62
ST10697,2,5.18,41.47,50.98,48.66,53.95
ST10697,3,6.91,59.41,69.72,69.76,83.18
ST10697,4,7.56,80.81,81.95,75.58,81.04
ST10705,1,6.79,75.81,68.71,69.47,79.42
ST10705,2,7.86,91.17,79.96,74.01,73.45
ST10705,3,6.25,56.2,65.52,63.75,65.77
ST10705,4,8.63,76.86,97.7,91.63,81.11
ST10706,1,8.83,84.34,86.69,78.55,95.39
ST10706,2,6.49,68.72,72.78,52.09,76.16
ST10706,3,6.28,56.6,48.57,72.77,66.08
ST10706,4,8.64,86.33,84.04,81.34,95.83
ST10708,1,5.33,52.16,56.19,48.46,58.76
ST10708,2,6.84,67.78,77.02,74.37,71.53
ST10708,3,6.23,53.11,75.2,55.92,66.38
ST10708,4,6.91,64.33,77.91,71.89,68.5
ST10709,1,8.0,78.41,76.59,66.2,72.53
ST10709,2,6.16,58.32,59.21,62.15,61.6
ST10709,3,8.91,77.94,90.63,95.61,90.17
ST10709,4,7.1,70.67,83.14,71.97,79.71
ST10711,1,6.02,55.31,49.06,59.85,67.62
ST10711,2,6.19,61.03,60.05,71.73,66.6
ST10711,3,7.0,65.51,76.81,68.58,62.46
ST10711,4,6.36,68.06,63.02,59.72,64.25
ST10712,1,7.91,74.24,89.61,81.08,77.88
ST10712,2,6.25,65.07,56.63,55.1,57.07
ST10712,3,8.1,73.62,77.66,77.52,82.14
ST10712,4,5.9,65.24,52.23,67.89,59.25
ST10713,1,5.66,59.54,56.34,59.14,60.5
ST10713,2,6.62,75.82,68.89,65.5,73.76
ST10713,3,7.37,64.77,79.48,72.19,78.29
ST10713,4,5.56,57.15,48.63,58.17,59.28
ST10717,1,8.42,80.09,81.66,79.95,90.67
ST10717,2,7.73,75.08,78.48,58.56,77.22
ST10717,3,6.34,58.14,65.61,55.24,67.77
ST10717,4,7.31,73.8,75.7,70.62,72.71
ST10718,1,4.34,44.29,49.64,45.79,50.96
ST10718,2,9.21,82.53,88.57,88.27,92.44
ST10718,3,8.02,77.85,86.34,84.18,74.66
ST10718,4,7.4,78.93,74.98,69.81,77.83
ST10721,1,6.76,69.39,65.69,55.8,73.78
ST10721,2,7.89,81.48,81.8,83.74,87.51
ST10721,3,6.15,60.08,72.17,43.84,71.1
ST10721,4,6.87,66.17,66.86,63.48,64.85
ST10722,1,8.26,80.57,83.3,74.53,86.13
ST10722,2,5.69,66.49,54.54,63.49,59.19
ST10722,3,10.0,100.0,100.0,100.0,100.0
ST10722,4,6.99,61.46,72.23,70.8,86.22
ST10726,1,7.99,72.34,68.45,78.33,84.18
ST10726,2,6.7,68.47,64.67,65.42,67.22
ST10726,3,7.51,72.09,68.37,76.65,74.77
ST10726,4,6.57,77.34,70.69,60.87,54.76
ST10728,1,8.7,87.0,84.43,100.0,84.05
ST10728,2,5.2,40.32,58.68,58.6,49.07
ST10728,3,5.72,58.15,48.11,58.92,61.07
ST10728,4,8.51,89.38,82.17,85.49,90.62
ST10731,1,6.38,60.3,53.4,63.54,77.51
ST10731,2,8.92,80.3,79.95,77.13,98.28
ST10731,3,5.87,49.5,58.95,54.0,69.49
ST10731,4,6.68,66.58,60.3,81.58,76.31
ST10735,1,5.98,67.04,62.78,73.84,56.71
ST10735,2,6.73,69.65,60.87,73.9,73.35
ST10735,3,9.08,89.89,100.0,85.46,91.0
ST10735,4,5.07,64.52,54.08,53.73,61.56
ST10737,1,8.18,88.91,84.7,65.53,83.21
ST10737,2,6.2,67.18,70.28,53.05,69.27
ST10737,3,8.76,79.14,91.45,94.41,100.0
ST10737,4,7.73,85.77,73.29,75.92,89.41
ST10738,1,8.06,92.1,88.22,74.34,75.16
ST10738,2,7.71,76.48,68.82,76.64,76.67
ST10738,3,7.0,73.25,69.34,75.74,75.43
ST10738,4,7.31,74.75,69.1,66.28,72.82
ST10739,1,7.22,67.93,64.83,72.35,78.37
ST10739,2,6.58,51.44,63.45,76.68,78.0
ST10739,3,7.12,60.6,65.53,80.02,72.29
ST10739,4,4.89,47.68,47.45,52.85,52.0
ST10741,1,7.81,84.82,75.5,67.15,72.21
ST10741,2,7.73,80.38,77.8,73.94,84.11
ST10741,3,8.06,77.64,80.32,86.15,85.84
ST10741,4,7.74,73.62,86.39,70.74,90.45
ST10743,1,7.29,69.19,58.67,65.2,72.41
ST10743,2,8.57,86.39,82.7,75.11,92.04
ST10743,3,6.36,63.27,56.23,62.05,67.26
ST10743,4,7.68,83.05,65.62,72.88,79.19
ST10744,1,7.67,75.06,77.7,76.74,82.54
ST10744,2,8.38,95.68,78.76,76.46,82.37
ST10744,3,7.69,78.97,66.56,83.16,86.86
ST10744,4,6.56,60.81,71.27,72.84,74.66
ST10745,1,6.5,79.31,58.68,60.62,73.3
ST10745,2,8.7,81.54,85.0,88.81,100.0
ST10745,3,8.34,90.82,87.02,75.86,92.33
ST10745,4,5.79,43.48,60.6,63.23,70.1
ST10746,1,6.18,65.2,63.27,56.52,62.31
ST10746,2,6.83,62.5,71.85,65.58,75.13
ST10746,3,7.32,70.44,77.96,69.54,69.74
ST10746,4,7.6,70.29,79.8,69.44,81.25
ST10748,1,6.67,49.0,55.25,65.5,60.45
ST10748,2,6.73,63.88,68.35,56.22,67.25
ST10748,3,6.86,69.64,81.92,63.87,72.47
ST10748,4,7.4,84.23,68.27,64.12,65.11
ST10750,1,7.13,72.42,81.89,67.39,79.15
ST10750,2,10.0,100.0,100.0,100.0,100.0
ST10750,3,7.37,74.92,60.77,67.41,76.96
ST10750,4,7.23,78.85,59.08,76.19,77.18
ST10752,1,4.75,50.16,54.82,53.31,40.99
ST10752,2,5.76,52.75,44.23,58.31,77.08
ST10752,3,7.76,83.62,71.95,79.23,80.49
ST10752,4,7.44,70.47,66.18,80.81,73.7
ST10753,1,8.16,77.29,75.55,73.88,86.07
ST10753,2,6.82,67.83,72.97,66.23,67.75
ST10753,3,8.08,73.28,84.06,84.36,84.56
ST10753,4,5.92,62.27,61.86,58.7,65.44
ST10756,1,8.15,91.3,75.43,80.83,91.82
ST10756,2,8.01,79.65,78.85,93.16,78.98
ST10756,3,6.97,62.68,56.78,72.16,68.95
ST10756,4,4.68,49.46,55.37,46.8,44.44
ST10759,1,5.93,71.72,59.55,54.23,66.73
ST10759,2,5.56,69.21,55.67,62.04,62.65
ST10759,3,6.76,63.72,67.01,66.53,72.41
ST10759,4,7.34,66.35,72.64,66.74,81.03
ST10760,1,8.2,84.77,86.85,81.95,71.79
ST10760,2,7.34,63.76,79.92,74.67,73.41
ST10760,3,7.2,72.95,67.41,77.06,79.24
ST10760,4,6.1,57.31,72.37,56.79,66.84
ST10761,1,6.21,54.09,61.89,50.61,76.47
ST10761,2,6.95,69.5,65.46,66.51,64.77
ST10761,3,4.88,51.92,42.22,50.76,47.14
ST10761,4,6.27,70.12,61.82,70.94,60.78
ST10763,1,9.17,85.11,82.29,83.17,100.0
ST10763,2,7.66,71.32,70.62,78.02,84.94
ST10763,3,5.72,59.81,59.32,52.81,56.6
ST10763,4,7.56,78.93,77.13,74.77,84.69
ST10766,1,7.17,77.98,68.48,66.88,74.32
ST10766,2,7.33,81.8,74.66,62.79,76.53
ST10766,3,8.29,78.07,75.96,79.68,81.62
ST10766,4,7.85,90.51,77.71,70.98,80.41
ST10767,1,5.08,42.03,55.0,53.67,58.35
ST10767,2,9.33,90.78,92.92,93.86,100.0
ST10767,3,6.78,67.13,67.7,53.09,76.44
ST10767,4,8.71,84.85,82.47,88.35,82.02
ST10768,1,5.74,58.57,66.57,54.1,45.65
ST10768,2,7.04,71.43,71.34,66.29,60.06
ST10768,3,9.63,92.25,96.41,96.59,90.91
ST10768,4,5.31,50.01,52.01,42.54,61.79
ST10770,1,7.38,69.78,64.13,71.52,83.82
ST10770,2,4.82,45.09,42.75,51.99,36.79
ST10770,3,7.81,80.2,80.85,72.95,75.98
ST10770,4,6.22,69.42,71.41,49.8,64.03
ST10772,1,5.88,59.71,55.95,65.92,62.1
ST10772,2,8.91,86.3,95.81,97.39,86.79
ST10772,3,9.13,89.55,86.72,88.57,83.83
ST10772,4,5.8,51.15,73.52,66.77,62.18
ST10774,1,7.91,68.54,79.53,83.0,77.94
ST10774,2,7.93,72.16,86.05,83.18,79.61
ST10774,3,9.73,91.95,98.59,91.74,100.0
ST10774,4,8.97,81.98,70.23,88.81,99.12
ST10775,1,8.06,70.85,81.08,82.81,88.16
ST10775,2,7.18,68.45,73.92,65.38,79.31
ST10775,3,6.02,59.11,55.62,48.18,60.23
ST10775,4,8.29,84.7,86.71,74.39,93.89
ST10776,1,9.06,90.07,84.15,82.03,95.29
ST10776,2,5.44,49.96,63.42,55.58,57.81
ST10776,3,7.61,77.68,83.28,64.9,71.16
ST10776,4,5.59,59.66,56.41,69.37,64.88
ST10778,1,7.29,72.46,75.45,74.72,84.89
ST10778,2,7.98,88.03,85.97,85.1,82.66
ST10778,3,6.23,60.58,62.34,64.15,69.41
ST10778,4,5.27,50.47,51.13,61.77,48.01
ST10779,1,6.32,59.9,66.42,65.53,78.89
ST10779,2,8.04,79.57,76.47,90.49,78.02
ST10779,3,6.36,57.9,62.4,65.03,67.86
ST10779,4,6.89,76.95,59.15,72.04,75.02
ST10781,1,7.97,81.27,76.12,72.44,86.62
ST10781,2,5.85,67.2,65.18,59.17,73.89
ST10781,3,7.33,67.83,58.96,88.2,78.59
ST10781,4,6.86,68.66,55.51,73.07,76.63
ST10783,1,9.14,88.37,99.66,98.59,94.89
ST10783,2,8.12,82.18,76.91,75.15,70.74
ST10783,3,8.28,82.38,78.52,77.98,91.14
ST10783,4,7.9,68.86,71.57,83.91,74.26
ST10784,1,7.25,70.03,79.43,65.09,83.38
ST10784,2,6.75,65.59,70.28,61.56,72.16
ST10784,3,9.05,83.58,93.59,76.81,89.85
ST10784,4,8.0,81.9,79.22,81.85,74.62
ST10786,1,8.03,79.18,74.41,89.81,83.33
ST10786,2,8.16,76.49,83.78,76.37,82.85
ST10786,3,7.77,74.29,72.77,81.9,84.46
ST10786,4,6.11,54.87,63.93,59.12,71.75
ST10788,1,8.47,90.81,81.29,78.88,94.92
ST10788,2,4.42,49.67,35.31,59.25,54.1
ST10788,3,5.85,59.68,60.4,63.92,59.24
ST10788,4,7.68,75.79,83.8,86.37,67.36
ST10790,1,6.08,55.99,61.48,66.58,54.7
ST10790,2,7.88,72.96,74.74,75.43,83.15
ST10790,3,5.83,65.33,53.09,58.39,64.06
ST10790,4,7.51,74.95,70.3,78.78,73.72
ST10791,1,8.22,82.66,79.16,85.97,88.71
ST10791,2,6.44,61.8,78.86,64.54,66.35
ST10791,3,7.43,80.28,66.11,73.87,81.45
ST10791,4,7.79,70.43,72.66,70.34,88.32
ST10795,1,5.98,55.95,57.27,70.43,65.13
ST10795,2,6.24,60.14,66.54,61.38,71.58
ST10795,3,6.26,68.5,55.32,61.35,73.93
ST10795,4,8.76,86.45,84.47,99.09,89.28
ST10796,1,6.65,62.87,73.54,74.16,66.54
ST10796,2,7.0,70.77,67.42,62.24,85.46
ST10796,3,7.2,70.35,69.58,61.75,64.35
ST10796,4,6.94,69.85,69.11,69.33,84.68
ST10797,1,5.91,61.42,59.39,63.21,57.37
ST10797,2,7.2,75.44,64.61,73.81,71.53
ST10797,3,5.51,45.43,45.44,55.42,46.97
ST10797,4,8.53,72.61,91.46,96.16,86.47
ST10803,1,7.85,76.07,95.46,71.03,94.1
ST10803,2,5.49,65.08,50.52,55.28,55.82
ST10803,3,6.95,71.87,76.4,76.2,64.38
ST10803,4,8.43,92.03,85.51,81.95,80.42
ST10805,1,6.75,73.65,65.84,60.64,71.66
ST10805,2,8.21,74.63,74.4,77.39,84.75
ST10805,3,8.63,81.85,84.44,84.45,74.15
ST10805,4,8.9,92.33,86.41,85.45,94.35
ST10808,1,8.2,79.29,87.01,85.53,77.22
ST10808,2,8.03,71.93,80.94,76.92,80.92
ST10808,3,6.61,80.43,67.94,72.53,68.5
ST10808,4,8.78,77.54,88.66,89.33,92.51
ST10809,1,5.04,51.38,64.13,55.27,54.89
ST10809,2,7.52,84.88,77.77,74.57,70.63
ST10809,3,5.95,64.51,59.55,61.97,62.42
ST10809,4,8.77,81.56,100.0,87.86,98.71
ST10810,1,6.24,64.69,61.78,58.54,64.47
ST10810,2,6.97,68.66,65.92,67.68,78.13
ST10810,3,8.04,87.96,82.35,82.25,74.53
ST10810,4,7.5,86.21,85.83,67.93,91.44
ST10811,1,7.79,81.76,78.34,85.64,78.61
ST10811,2,6.43,57.0,68.25,59.62,58.04
ST10811,3,8.63,86.67,92.94,88.09,80.35
ST10811,4,6.58,58.29,50.38,70.56,73.34
ST10812,1,8.05,88.57,79.86,71.26,78.83
ST10812,2,5.83,65.03,56.99,66.85,61.77
ST10812,3,5.73,54.93,65.67,53.01,69.0
ST10812,4,7.19,76.68,57.35,74.06,70.24
ST10813,1,6.94,70.17,77.83,66.07,66.56
ST10813,2,8.83,88.42,90.41,96.79,84.54
ST10813,3,7.04,79.44,66.64,63.28,70.76
ST10813,4,7.44,65.14,68.84,83.12,77.53
ST10814,1,7.19,74.66,60.38,75.55,68.4
ST10814,2,7.15,81.72,64.78,67.77,78.61
ST10814,3,5.98,55.49,57.81,58.3,53.96
ST10814,4,7.55,73.39,70.79,80.66,81.14
ST10815,1,6.98,60.06,79.74,62.64,64.15
ST10815,2,6.25,55.19,48.14,63.61,57.63
ST10815,3,7.31,64.52,67.51,70.49,83.0
ST10815,4,7.9,74.63,89.74,78.34,83.93
ST10817,1,6.02,57.77,62.11,59.64,72.58
ST10817,2,8.54,86.5,87.97,74.9,96.51
ST10817,3,5.31,58.69,54.1,49.25,62.89
ST10817,4,6.09,55.37,68.24,56.93,58.87
ST10820,1,6.4,68.15,61.95,64.59,67.47
ST10820,2,7.55,65.11,71.18,75.01,79.37
ST10820,3,8.45,83.35,76.12,77.27,85.38
ST10820,4,7.3,66.05,74.3,79.82,71.5
ST10822,1,8.02,81.75,71.02,85.47,88.23
ST10822,2,6.24,67.85,62.8,73.36,61.77
ST10822,3,5.11,50.9,62.39,46.49,64.11
ST10822,4,8.3,83.19,83.15,76.88,83.59
ST10823,1,5.49,54.02,50.14,61.97,67.74
ST10823,2,6.38,66.87,66.4,63.63,72.2
ST10823,3,6.37,67.25,46.05,71.09,66.46
ST10823,4,7.63,82.88,78.39,75.11,76.71
ST10824,1,7.95,69.65,82.66,69.07,86.2
ST10824,2,6.3,67.04,56.97,63.14,58.81
ST10824,3,5.46,42.13,63.37,44.64,50.14
ST10824,4,9.77,92.38,92.96,99.07,88.85
ST10825,1,8.0,68.08,74.53,72.87,77.75
ST10825,2,7.1,83.96,62.59,55.2,68.61
ST10825,3,6.08,54.25,73.36,57.69,64.34
ST10825,4,7.45,73.93,75.6,80.36,74.97
ST10826,1,9.29,86.81,92.03,76.56,94.03
ST10826,2,8.2,80.07,73.83,97.22,90.76
ST10826,3,4.0,60.8,36.16,23.27,50.31
ST10826,4,7.57,82.99,75.85,78.87,75.79
ST10827,1,8.11,93.52,83.89,78.98,78.65
ST10827,2,7.82,68.35,69.46,77.65,74.78
ST10827,3,6.62,58.59,60.35,74.14,64.79
ST10827,4,7.95,83.56,87.93,74.15,79.59
ST10828,1,8.39,83.12,78.19,83.98,78.61
ST10828,2,6.93,70.19,61.7,77.54,85.19
ST10828,3,7.19,71.78,68.97,66.82,60.32
ST10828,4,7.63,75.17,84.77,81.37,70.55
ST10831,1,7.46,68.46,68.67,65.78,80.56
ST10831,2,7.15,75.54,79.25,78.14,82.01
ST10831,3,6.73,70.08,63.8,79.25,74.3
ST10831,4,8.11,74.48,84.56,84.07,78.53
ST10832,1,6.39,59.64,66.1,47.93,76.84
ST10832,2,7.24,65.96,85.56,55.32,72.26
ST10832,3,7.78,75.93,72.69,85.74,89.03
ST10832,4,7.1,65.11,65.34,76.16,71.51
ST10836,1,6.36,58.47,63.21,60.87,66.24
ST10836,2,7.74,68.6,85.39,82.19,81.28
ST10836,3,7.31,74.19,78.38,65.36,79.63
ST10836,4,7.91,74.72,78.79,72.93,84.45
ST10837,1,7.49,74.32,65.3,76.71,82.71
ST10837,2,5.09,47.85,39.94,56.99,57.46
ST10837,3,6.54,68.22,67.66,62.27,67.82
ST10837,4,7.47,65.85,65.18,73.22,75.91
ST10838,1,8.54,84.61,82.29,80.84,82.09
ST10838,2,7.64,76.78,73.62,82.41,78.5
ST10838,3,8.1,74.13,78.64,77.88,78.26
ST10838,4,6.22,64.79,60.69,77.61,67.36
ST10841,1,7.52,72.89,92.97,79.54,82.13
ST10841,2,7.39,67.63,75.37,69.37,75.79
ST10841,3,6.19,44.06,54.02,70.45,55.89
ST10841,4,7.99,81.03,77.45,82.48,79.55
ST10843,1,7.62,78.93,71.72,80.53,79.67
ST10843,2,6.61,62.73,65.6,68.02,68.34
ST10843,3,7.85,89.87,69.58,71.11,75.86
ST10843,4,7.7,72.34,72.54,83.44,83.71
ST10844,1,5.8,64.15,62.96,52.67,56.24
ST10844,2,6.33,55.75,75.45,44.1,65.54
ST10844,3,8.37,84.91,76.29,87.97,82.79
ST10844,4,6.88,76.15,60.59,75.62,64.66
ST10846,1,8.35,85.87,87.28,84.99,78.12
ST10846,2,6.05,61.04,58.63,64.89,70.97
ST10846,3,7.64,80.18,66.26,75.66,76.72
ST10846,4,6.44,72.61,48.76,64.3,57.43
ST10848,1,8.11,86.9,83.16,79.55,77.64
ST10848,2,6.23,53.46,59.33,65.05,82.46
ST10848,3,8.91,82.44,86.13,89.82,90.11
ST10848,4,7.64,73.28,82.07,74.07,70.08
ST10850,1,4.0,50.97,45.95,30.24,45.52
ST10850,2,6.81,63.23,57.87,70.19,66.92
ST10850,3,6.8,60.03,74.32,73.83,80.88
ST10850,4,8.05,92.21,68.55,83.38,80.9
ST10851,1,7.77,77.45,73.8,88.83,77.18
ST10851,2,6.42,57.26,56.28,58.22,59.72
ST10851,3,6.2,64.11,60.73,63.85,62.35
ST10851,4,6.84,63.58,76.38,72.7,74.71
ST10852,1,6.94,75.79,63.56,65.84,63.1
ST10852,2,7.37,66.0,82.13,77.09,65.72
ST10852,3,6.28,65.84,57.85,55.84,76.76
ST10852,4,7.39,81.05,75.19,66.88,72.33
ST10853,1,6.49,69.32,72.84,59.18,64.55
ST10853,2,4.0,28.28,48.29,37.5,29.9
ST10853,3,7.6,89.56,63.92,76.18,73.37
ST10853,4,9.83,95.58,96.46,92.91,92.63
ST10861,1,7.9,83.02,85.91,75.98,82.07
ST10861,2,6.25,74.51,68.34,68.83,73.55
ST10861,3,5.21,58.56,41.56,58.1,61.57
ST10861,4,7.94,66.48,81.76,67.96,79.74
ST10862,1,8.6,93.21,90.94,81.89,87.28
ST10862,2,4.56,49.24,49.28,44.15,37.76
ST10862,3,4.67,43.74,53.3,49.34,52.07
ST10862,4,6.6,67.59,76.29,49.06,73.59
ST10865,1,5.47,53.06,57.3,52.07,64.51
ST10865,2,8.4,82.91,88.33,74.56,79.3
ST10865,3,4.85,48.06,42.77,51.55,54.18
ST10865,4,7.12,74.74,74.35,71.43,75.59
ST10866,1,5.16,60.63,54.36,49.89,48.19
ST10866,2,8.73,79.62,81.55,86.47,83.04
ST10866,3,7.55,74.22,72.65,59.84,81.65
ST10866,4,7.11,81.36,68.78,78.88,68.92
ST10867,1,8.23,84.45,85.01,68.04,82.45
ST10867,2,6.45,61.2,68.17,69.56,66.76
ST10867,3,8.66,81.51,85.67,80.06,90.28
ST10867,4,6.19,59.91,69.58,58.8,59.06
ST10868,1,7.23,73.89,75.64,68.46,68.91
ST10868,2,6.13,59.69,70.48,56.12,63.07
ST10868,3,7.64,71.5,75.01,86.98,81.24
ST10868,4,7.75,82.53,74.1,73.12,73.28
ST10875,1,6.3,57.52,58.87,61.28,64.66
ST10875,2,8.7,70.48,91.83,77.72,85.18
ST10875,3,6.6,66.57,70.04,70.1,68.27
ST10875,4,4.55,54.87,39.4,44.45,49.56
ST10878,1,4.6,34.02,39.41,47.87,48.74
ST10878,2,4.0,36.09,35.86,16.79,39.88
ST10878,3,8.52,99.51,91.25,83.31,81.47
ST10878,4,5.48,51.62,59.61,49.33,51.81
ST10879,1,7.19,66.52,72.68,71.53,73.5
ST10879,2,7.01,78.69,60.76,61.69,72.26
ST10879,3,5.83,57.52,48.77,53.17,58.09
ST10879,4,6.93,54.91,84.74,74.63,81.13
ST10880,1,7.65,82.38,66.88,87.3,70.85
ST10880,2,7.19,65.27,78.49,72.65,71.14
ST10880,3,8.57,86.88,85.34,76.93,83.02
ST10880,4,9.52,90.05,92.76,100.0,97.6
ST10883,1,4.92,47.02,47.35,45.89,51.73
ST10883,2,6.41,64.81,69.24,59.07,72.2
ST10883,3,8.26,79.42,73.99,80.12,86.08
ST10883,4,7.88,87.63,62.2,85.3,77.05
ST10885,1,8.08,83.31,82.96,76.91,86.22
ST10885,2,7.56,81.73,68.05,76.13,79.11
ST10885,3,6.99,61.5,62.77,76.84,73.53
ST10885,4,5.86,70.25,61.03,54.15,56.68
ST10888,1,8.41,87.07,76.46,87.26,81.85
ST10888,2,6.63,71.36,52.07,60.9,77.36
ST10888,3,6.75,67.64,67.64,71.45,70.01
ST10888,4,8.05,83.32,81.78,84.34,83.03
ST10889,1,7.27,75.43,76.09,66.09,76.6
ST10889,2,8.47,86.93,81.4,94.45,86.79
ST10889,3,6.75,67.59,67.69,60.31,67.29
ST10889,4,8.52,82.16,74.47,95.05,80.21
ST10890,1,6.42,59.82,64.96,62.71,72.88
ST10890,2,5.14,47.56,59.49,47.19,65.79
ST10890,3,4.8,45.31,51.2,44.71,47.95
ST10890,4,6.27,65.59,72.81,52.14,69.33
ST10891,1,6.09,55.52,66.88,52.83,68.09
ST10891,2,5.65,49.21,64.26,48.32,56.56
ST10891,3,9.24,94.81,77.99,95.39,91.79
ST10891,4,7.55,68.43,69.67,91.59,75.53
ST10892,1,8.79,99.27,87.09,89.03,90.45
ST10892,2,7.17,79.34,75.42,66.32,73.26
ST10892,3,8.01,100.0,64.54,65.83,79.62
ST10892,4,7.08,76.94,74.76,71.46,77.77
ST10895,1,6.57,73.49,66.36,63.59,65.86
ST10895,2,6.82,66.12,70.55,59.45,77.76
ST10895,3,8.37,81.0,92.82,88.31,87.97
ST10895,4,6.0,56.51,57.97,77.88,60.23
ST10897,1,5.89,63.9,56.36,61.73,53.78
ST10897,2,6.87,60.28,59.59,65.06,75.43
ST10897,3,7.81,82.39,78.35,75.08,83.92
ST10897,4,6.37,63.06,57.95,55.41,65.23
ST10898,1,5.8,48.86,60.21,52.31,57.84
ST10898,2,7.31,63.52,77.23,70.12,76.24
ST10898,3,6.74,60.81,73.69,62.49,58.54
ST10898,4,7.7,81.01,79.58,71.62,83.64
ST10899,1,5.81,56.89,59.9,44.82,56.15
ST10899,2,6.95,73.07,73.82,62.47,81.43
ST10899,3,8.0,73.35,92.16,73.39,80.65
ST10899,4,5.22,50.01,60.85,38.91,63.17
ST10900,1,6.16,54.51,69.22,57.11,67.71
ST10900,2,6.06,55.04,62.02,60.81,58.82
ST10900,3,8.57,85.86,79.92,86.49,90.18
ST10900,4,6.63,73.61,57.64,63.28,60.97
ST10903,1,6.81,71.13,72.07,59.34,69.13
ST10903,2,6.36,70.2,62.31,64.3,60.66
ST10903,3,6.49,61.23,75.09,64.09,77.49
ST10903,4,7.87,79.49,81.76,72.02,88.12
ST10904,1,7.4,63.64,75.38,68.78,71.41
ST10904,2,8.61,88.6,72.71,94.49,95.39
ST10904,3,4.98,42.6,56.41,45.73,47.41
ST10904,4,7.23,68.45,76.87,76.08,73.97
ST10909,1,7.8,76.24,94.58,85.36,81.04
ST10909,2,5.86,57.9,59.65,55.25,65.12
ST10909,3,5.86,56.89,58.41,52.49,69.84
ST10909,4,9.14,79.93,97.73,83.65,90.39
ST10915,1,8.2,91.84,96.22,74.98,77.46
ST10915,2,6.54,60.8,65.49,62.2,65.84
ST10915,3,8.36,76.53,84.34,89.42,76.56
ST10915,4,5.34,57.69,53.81,65.55,54.31
ST10916,1,7.81,71.26,78.48,78.39,85.54
ST10916,2,6.54,74.58,50.64,65.48,81.0
ST10916,3,7.59,58.64,81.95,74.7,79.11
ST10916,4,5.58,42.53,58.75,52.44,69.69
ST10918,1,5.51,55.14,48.63,61.12,59.99
ST10918,2,8.81,81.48,94.04,76.54,93.31
ST10918,3,7.18,65.97,61.62,64.81,74.25
ST10918,4,6.59,70.35,55.95,62.37,57.45
ST10921,1,8.0,80.3,70.56,79.55,80.21
ST10921,2,8.25,88.81,76.98,76.35,86.91
ST10921,3,5.06,34.43,56.12,58.59,58.22
ST10921,4,7.14,77.54,61.44,66.75,68.11
ST10922,1,6.66,64.4,67.25,61.95,64.98
ST10922,2,4.0,30.02,34.39,47.24,44.14
ST10922,3,6.03,68.78,56.88,63.62,58.97
ST10922,4,6.0,69.23,45.74,63.68,71.79
ST10923,1,6.39,58.57,57.63,63.29,62.22
ST10923,2,6.16,61.23,61.07,74.05,58.0
ST10923,3,5.34,62.52,63.12,54.35,59.2
ST10923,4,7.38,68.36,74.11,76.69,71.39
ST10926,1,5.19,49.8,49.52,40.73,54.14
ST10926,2,5.46,62.13,61.28,55.61,55.33
ST10926,3,6.08,68.16,48.78,61.17,57.44
ST10926,4,5.63,44.63,56.03,59.45,56.54
ST10930,1,9.65,100.0,93.7,100.0,88.39
ST10930,2,6.85,63.65,73.78,66.19,71.61
ST10930,3,8.7,87.87,94.57,91.63,78.82
ST10930,4,7.79,77.14,67.67,76.14,78.32
ST10931,1,6.49,54.37,67.48,56.08,67.15
ST10931,2,7.1,75.84,75.03,77.05,71.12
ST10931,3,7.27,73.94,69.77,69.29,70.92
ST10931,4,7.66,84.94,81.32,69.12,73.67
ST10935,1,7.39,74.29,75.23,72.86,72.88
ST10935,2,7.06,74.09,67.78,66.75,67.47
ST10935,3,8.66,85.4,79.61,73.58,78.47
ST10935,4,9.21,88.41,99.7,84.99,84.8
ST10936,1,5.79,47.66,40.04,52.31,69.71
ST10936,2,5.56,44.98,65.01,62.63,56.63
ST10936,3,7.48,72.68,68.88,76.79,83.32
ST10936,4,6.8,61.73,63.15,78.9,61.4
ST10937,1,7.0,66.1,58.66,84.19,69.3
ST10937,2,8.53,100.0,75.54,89.23,91.07
ST10937,3,6.36,61.44,65.26,73.13,71.78
ST10937,4,5.94,56.04,52.18,65.63,60.3
ST10938,1,8.11,75.28,76.82,85.91,95.99
ST10938,2,6.07,63.46,65.02,61.73,65.54
ST10938,3,9.11,82.44,92.39,95.65,91.63
ST10938,4,8.61,70.65,89.4,82.63,94.96
ST10939,1,6.17,71.3,66.76,53.34,58.09
ST10939,2,7.62,76.89,79.72,73.19,75.28
ST10939,3,6.66,65.48,69.53,59.05,75.32
ST10939,4,6.58,64.99,66.18,62.4,69.6
ST10941,1,7.3,78.0,68.43,72.33,73.48
ST10941,2,8.6,68.39,87.41,91.77,89.11
ST10941,3,6.6,55.34,62.9,68.5,66.8
ST10941,4,5.72,53.72,58.29,61.4,57.01
ST10942,1,7.34,82.58,82.52,71.99,76.0
ST10942,2,6.84,66.32,74.19,70.92,66.83
ST10942,3,6.44,69.58,63.61,68.65,65.98
ST10942,4,7.26,67.73,74.17,71.94,86.57
ST10944,1,6.6,56.75,59.49,70.52,73.35
ST10944,2,7.53,85.41,73.38,70.77,76.7
ST10944,3,6.91,65.24,70.55,61.98,68.49
ST10944,4,5.49,50.85,48.85,47.37,72.31
ST10945,1,7.87,74.49,78.77,75.41,84.28
ST10945,2,8.64,80.51,88.34,79.67,82.63
ST10945,3,7.18,65.27,60.36,68.19,70.72
ST10945,4,7.41,75.63,79.32,69.27,86.4
ST10948,1,8.82,92.23,86.96,76.72,95.5
ST10948,2,9.39,84.72,96.1,95.13,97.11
ST10948,3,7.33,69.48,70.41,76.09,65.32
ST10948,4,5.75,57.26,55.73,57.31,56.28
ST10949,1,7.76,76.35,79.85,86.84,78.09
ST10949,2,7.85,78.17,79.03,73.01,75.6
ST10949,3,8.07,71.85,85.42,79.95,78.45
ST10949,4,9.1,90.6,92.1,97.68,91.64
ST10950,1,4.35,47.33,58.65,33.56,45.11
ST10950,2,8.09,79.64,85.17,77.01,82.17
ST10950,3,7.47,71.49,85.0,58.31,72.84
ST10950,4,7.85,67.02,77.68,75.96,83.82
ST10952,1,7.36,67.97,94.74,65.96,68.6
ST10952,2,7.19,73.45,69.2,68.68,72.44
ST10952,3,8.65,88.74,85.88,87.31,85.84
ST10952,4,6.53,67.4,59.54,58.61,67.36
ST10953,1,6.58,50.7,68.42,55.41,58.76
ST10953,2,6.5,65.08,63.85,64.78,64.43
ST10953,3,7.88,78.35,82.96,72.98,80.45
ST10953,4,8.98,95.75,82.26,82.69,91.56
ST10954,1,8.81,95.41,93.01,75.68,83.03
ST10954,2,5.34,47.47,49.59,50.32,53.77
ST10954,3,6.0,61.53,66.68,56.1,67.8
ST10954,4,6.01,56.33,60.33,64.74,57.14
ST10956,1,6.59,58.39,59.75,53.25,66.74
ST10956,2,8.04,78.79,79.58,75.13,88.67
ST10956,3,6.25,62.87,49.8,64.73,60.26
ST10956,4,6.95,63.33,64.84,65.67,70.2
ST10957,1,6.22,59.65,61.99,59.78,66.81
ST10957,2,7.57,76.9,79.81,71.27,76.3
ST10957,3,6.43,69.54,70.08,67.35,69.67
ST10957,4,7.06,66.16,70.76,72.01,66.14
ST10958,1,6.42,67.22,68.46,65.29,67.57
ST10958,2,7.09,77.61,70.52,75.88,74.22
ST10958,3,9.64,100.0,90.57,98.62,100.0
ST10958,4,6.73,73.29,63.5,75.5,69.24
ST10959,1,5.42,58.29,63.69,57.63,54.85
ST10959,2,8.31,76.92,79.92,85.98,81.21
ST10959,3,8.14,81.63,82.91,75.26,86.98
ST10959,4,6.23,69.27,74.26,60.28,67.51
ST10960,1,7.35,84.98,61.98,67.4,87.45
ST10960,2,6.95,73.23,53.76,76.43,74.2
ST10960,3,7.41,90.31,74.73,61.81,85.14
ST10960,4,5.9,51.43,64.9,74.1,66.55
ST10962,1,4.24,48.67,50.99,50.4,50.34
ST10962,2,7.01,63.45,78.13,65.69,68.7
ST10962,3,8.91,88.32,74.99,79.56,85.63
ST10962,4,6.59,65.91,75.17,57.9,70.83
ST10966,1,8.64,83.09,82.01,88.31,81.73
ST10966,2,7.4,69.83,76.62,77.62,71.6
ST10966,3,8.71,81.82,92.87,87.18,86.23
ST10966,4,6.29,58.87,59.91,50.4,72.56
ST10970,1,7.37,73.07,70.73,68.03,70.72
ST10970,2,5.5,54.31,50.94,56.19,50.61
ST10970,3,6.64,64.38,60.98,65.7,60.09
ST10970,4,7.98,78.69,76.07,81.57,80.59
ST10972,1,7.49,62.59,76.37,76.59,80.4
ST10972,2,6.73,54.56,58.4,61.31,76.98
ST10972,3,7.68,79.82,72.95,73.14,88.06
ST10972,4,5.23,51.76,69.66,46.31,60.34
ST10973,1,8.64,90.08,87.12,77.1,92.82
ST10973,2,7.49,67.29,81.31,70.54,76.67
ST10973,3,6.79,51.0,65.5,72.21,66.22
ST10973,4,6.9,64.42,75.7,74.78,64.47
ST10975,1,6.63,67.48,76.25,59.56,65.55
ST10975,2,6.63,63.38,68.72,69.77,58.67
ST10975,3,6.96,63.27,72.7,87.29,63.92
ST10975,4,7.78,83.76,69.71,70.24,82.88
ST10976,1,7.01,83.48,74.84,75.16,72.74
ST10976,2,6.79,71.67,72.18,67.46,56.57
ST10976,3,7.43,75.76,67.08,82.57,97.97
ST10976,4,8.35,80.0,80.93,72.37,88.36
ST10977,1,8.94,95.13,97.17,80.46,92.57
ST10977,2,6.61,62.77,62.91,68.14,64.71
ST10977,3,8.02,74.46,74.97,85.86,77.47
ST10977,4,5.88,68.79,69.27,51.03,60.71
ST10980,1,9.11,91.08,89.98,97.67,100.0
ST10980,2,6.85,77.47,55.26,73.24,69.61
ST10980,3,7.01,73.74,69.63,68.1,78.76
ST10980,4,6.51,53.11,73.22,56.96,71.26
ST10981,1,5.72,56.71,58.73,57.46,69.94
ST10981,2,6.53,73.44,61.01,57.16,67.23
ST10981,3,5.67,73.03,49.73,60.21,46.06
ST10981,4,7.24,68.06,69.81,80.07,78.05
ST10984,1,8.27,85.54,80.57,75.97,82.3
ST10984,2,6.3,64.62,58.48,60.24,66.56
ST10984,3,7.6,83.07,76.25,65.19,61.92
ST10984,4,7.66,71.97,76.57,72.1,75.87
ST10985,1,7.16,66.67,73.96,59.12,74.73
ST10985,2,7.74,69.92,71.85,80.88,88.12
ST10985,3,5.34,55.58,46.24,54.91,69.42
ST10985,4,7.14,82.18,62.98,66.95,66.58
ST10987,1,5.32,52.48,44.9,70.61,58.07
ST10987,2,7.64,81.58,74.01,76.04,76.1
ST10987,3,9.15,85.53,87.02,84.94,84.69
ST10987,4,6.65,68.94,63.35,62.68,71.5
ST10990,1,7.99,91.09,78.46,76.23,70.59
ST10990,2,9.63,85.47,95.89,71.84,97.4
ST10990,3,7.78,92.57,74.46,69.97,84.41
ST10990,4,6.28,61.67,70.14,71.78,67.28
ST10992,1,8.75,84.86,72.94,93.03,87.0
ST10992,2,6.37,54.01,71.01,61.69,61.34
ST10992,3,6.95,69.88,71.82,68.87,64.29
ST10992,4,6.29,62.03,65.03,60.72,71.19
ST10993,1,6.79,67.43,71.03,62.19,74.7
ST10993,2,8.07,87.72,72.51,90.95,82.68
ST10993,3,5.02,48.8,43.63,56.53,59.18
ST10993,4,6.91,76.32,72.05,70.31,76.08
ST10994,1,7.7,74.73,68.92,77.06,78.5
ST10994,2,7.75,77.5,64.72,74.38,85.07
ST10994,3,8.28,85.41,75.18,80.12,92.37
ST10994,4,6.49,80.43,73.99,61.29,66.9
ST10996,1,8.99,80.11,88.14,84.98,100.0
ST10996,2,5.42,53.3,52.37,69.34,74.69
ST10996,3,9.07,83.0,87.63,85.06,98.57
ST10996,4,5.66,60.96,48.94,62.21,54.85
ST10997,1,6.81,74.71,64.33,69.34,72.71
ST10997,2,7.58,76.48,74.13,64.36,87.83
ST10997,3,5.45,60.1,54.27,45.56,60.21
ST10997,4,6.71,61.28,65.2,66.75,61.36
ST10999,1,6.71,57.51,75.73,62.14,72.46
ST10999,2,6.15,59.39,67.86,61.91,68.84
ST10999,3,7.58,78.0,72.59,76.08,70.67
ST10999,4,6.92,67.73,77.22,71.57,80.94
