StudentID,Semester,AttendancePercentage
ST10001,1,79.88
ST10001,2,83.44
ST10001,3,91.2
ST10001,4,89.77
ST10002,1,70.27
ST10002,2,72.3
ST10002,3,90.74
ST10002,4,84.82
ST10003,1,87.91
ST10003,2,95.47
ST10003,3,78.07
ST10003,4,86.79
ST10004,1,81.62
ST10004,2,72.68
ST10004,3,79.87
ST10004,4,88.2
ST10005,1,78.68
ST10005,2,82.57
ST10005,3,87.05
ST10005,4,79.52
ST10006,1,93.82
ST10006,2,69.46
ST10006,3,86.96
ST10006,4,90.31
ST10007,1,74.81
ST10007,2,95.58
ST10007,3,92.89
ST10007,4,85.57
ST10008,1,87.94
ST10008,2,92.66
ST10008,3,70.67
ST10008,4,78.84
ST10009,1,84.18
ST10009,2,67.02
ST10009,3,81.78
ST10009,4,88.51
ST10010,1,65.43
ST10010,2,83.52
ST10010,3,76.06
ST10010,4,81.27
ST10011,1,84.61
ST10011,2,87.45
ST10011,3,88.68
ST10011,4,78.16
ST10012,1,85.01
ST10012,2,87.04
ST10012,3,67.6
ST10012,4,92.9
ST10013,1,76.39
ST10013,2,82.23
ST10013,3,89.96
ST10013,4,88.23
ST10014,1,87.16
ST10014,2,90.33
ST10014,3,82.69
ST10014,4,73.6
ST10015,1,75.12
ST10015,2,78.04
ST10015,3,80.73
ST10015,4,80.46
ST10016,1,100.0
ST10016,2,72.29
ST10016,3,98.44
ST10016,4,96.47
ST10017,1,83.59
ST10017,2,73.2
ST10017,3,86.12
ST10017,4,63.41
ST10018,1,77.28
ST10018,2,94.27
ST10018,3,92.04
ST10018,4,85.17
ST10019,1,68.11
ST10019,2,61.55
ST10019,3,67.7
ST10019,4,82.24
ST10020,1,78.82
ST10020,2,75.68
ST10020,3,88.71
ST10020,4,100.0
ST10021,1,71.63
ST10021,2,66.97
ST10021,3,63.49
ST10021,4,78.96
ST10022,1,81.0
ST10022,2,83.2
ST10022,3,83.23
ST10022,4,69.01
ST10023,1,83.34
ST10023,2,89.38
ST10023,3,64.51
ST10023,4,82.08
ST10024,1,77.59
ST10024,2,72.28
ST10024,3,72.41
ST10024,4,82.39
ST10025,1,86.24
ST10025,2,96.58
ST10025,3,85.82
ST10025,4,71.63
ST10026,1,87.79
ST10026,2,66.51
ST10026,3,75.5
ST10026,4,92.14
ST10027,1,90.15
ST10027,2,74.2
ST10027,3,81.69
ST10027,4,81.52
ST10028,1,77.24
ST10028,2,100.0
ST10028,3,78.91
ST10028,4,75.24
ST10029,1,81.6
ST10029,2,86.76
ST10029,3,89.47
ST10029,4,82.36
ST10030,1,84.04
ST10030,2,76.54
ST10030,3,79.25
ST10030,4,87.61
ST10031,1,79.56
ST10031,2,70.35
ST10031,3,78.08
ST10031,4,86.43
ST10032,1,90.04
ST10032,2,75.9
ST10032,3,77.85
ST10032,4,80.91
ST10033,1,93.01
ST10033,2,86.7
ST10033,3,89.37
ST10033,4,91.74
ST10034,1,82.08
ST10034,2,81.98
ST10034,3,90.51
ST10034,4,81.49
ST10035,1,90.95
ST10035,2,100.0
ST10035,3,80.94
ST10035,4,81.07
ST10036,1,82.03
ST10036,2,88.67
ST10036,3,85.86
ST10036,4,91.25
ST10037,1,86.71
ST10037,2,86.17
ST10037,3,77.73
ST10037,4,77.1
ST10038,1,95.05
ST10038,2,84.06
ST10038,3,84.38
ST10038,4,88.73
ST10039,1,94.56
ST10039,2,80.76
ST10039,3,85.33
ST10039,4,75.76
ST10040,1,83.89
ST10040,2,82.56
ST10040,3,78.48
ST10040,4,93.38
ST10041,1,89.95
ST10041,2,72.53
ST10041,3,83.33
ST10041,4,82.02
ST10042,1,73.24
ST10042,2,76.05
ST10042,3,90.38
ST10042,4,86.32
ST10043,1,92.06
ST10043,2,84.24
ST10043,3,74.36
ST10043,4,85.85
ST10044,1,73.04
ST10044,2,86.97
ST10044,3,82.44
ST10044,4,79.15
ST10045,1,91.76
ST10045,2,100.0
ST10045,3,64.93
ST10045,4,95.22
ST10046,1,79.55
ST10046,2,93.63
ST10046,3,89.36
ST10046,4,96.23
ST10047,1,90.68
ST10047,2,75.33
ST10047,3,100.0
ST10047,4,84.14
ST10048,1,81.03
ST10048,2,77.64
ST10048,3,88.0
ST10048,4,83.13
ST10049,1,71.64
ST10049,2,86.28
ST10049,3,88.07
ST10049,4,71.71
ST10050,1,73.38
ST10050,2,75.83
ST10050,3,68.63
ST10050,4,69.25
ST10051,1,73.08
ST10051,2,69.43
ST10051,3,67.69
ST10051,4,75.24
ST10052,1,78.84
ST10052,2,85.05
ST10052,3,95.6
ST10052,4,77.58
ST10053,1,78.37
ST10053,2,84.55
ST10053,3,74.2
ST10053,4,74.7
ST10054,1,84.83
ST10054,2,70.22
ST10054,3,71.45
ST10054,4,83.16
ST10055,1,90.99
ST10055,2,67.15
ST10055,3,88.9
ST10055,4,80.09
ST10056,1,64.46
ST10056,2,71.01
ST10056,3,79.62
ST10056,4,86.11
ST10057,1,84.76
ST10057,2,75.83
ST10057,3,70.62
ST10057,4,68.09
ST10058,1,75.98
ST10058,2,80.32
ST10058,3,78.78
ST10058,4,94.41
ST10059,1,90.76
ST10059,2,84.45
ST10059,3,80.37
ST10059,4,96.67
ST10060,1,86.4
ST10060,2,65.33
ST10060,3,64.22
ST10060,4,97.5
ST10061,1,74.17
ST10061,2,87.17
ST10061,3,96.49
ST10061,4,87.08
ST10062,1,74.75
ST10062,2,74.69
ST10062,3,67.43
ST10062,4,88.96
ST10063,1,88.16
ST10063,2,91.29
ST10063,3,79.4
ST10063,4,91.48
ST10064,1,73.31
ST10064,2,79.55
ST10064,3,81.28
ST10064,4,75.27
ST10065,1,81.48
ST10065,2,100.0
ST10065,3,87.94
ST10065,4,89.09
ST10066,1,71.05
ST10066,2,86.82
ST10066,3,86.66
ST10066,4,64.5
ST10067,1,87.82
ST10067,2,68.09
ST10067,3,74.93
ST10067,4,80.34
ST10068,1,85.01
ST10068,2,84.46
ST10068,3,82.08
ST10068,4,76.51
ST10069,1,97.08
ST10069,2,82.09
ST10069,3,87.88
ST10069,4,83.37
ST10070,1,77.61
ST10070,2,69.51
ST10070,3,72.86
ST10070,4,86.94
ST10071,1,82.37
ST10071,2,65.59
ST10071,3,87.65
ST10071,4,78.29
ST10072,1,72.44
ST10072,2,77.31
ST10072,3,100.0
ST10072,4,71.08
ST10073,1,87.19
ST10073,2,80.29
ST10073,3,78.9
ST10073,4,91.63
ST10074,1,82.94
ST10074,2,83.85
ST10074,3,70.19
ST10074,4,84.13
ST10075,1,80.92
ST10075,2,69.72
ST10075,3,87.39
ST10075,4,78.58
ST10076,1,77.53
ST10076,2,81.43
ST10076,3,89.65
ST10076,4,79.72
ST10077,1,87.32
ST10077,2,80.17
ST10077,3,85.51
ST10077,4,75.06
ST10078,1,87.4
ST10078,2,76.9
ST10078,3,77.35
ST10078,4,89.56
ST10079,1,88.0
ST10079,2,85.4
ST10079,3,85.31
ST10079,4,85.57
ST10080,1,77.18
ST10080,2,78.71
ST10080,3,87.01
ST10080,4,76.46
ST10081,1,63.28
ST10081,2,76.78
ST10081,3,85.65
ST10081,4,77.74
ST10082,1,89.82
ST10082,2,65.65
ST10082,3,54.72
ST10082,4,83.42
ST10083,1,82.01
ST10083,2,81.93
ST10083,3,100.0
ST10083,4,90.33
ST10084,1,88.03
ST10084,2,80.59
ST10084,3,68.77
ST10084,4,77.94
ST10085,1,80.14
ST10085,2,89.27
ST10085,3,76.96
ST10085,4,72.79
ST10086,1,73.29
ST10086,2,81.81
ST10086,3,72.34
ST10086,4,84.93
ST10087,1,81.54
ST10087,2,89.94
ST10087,3,78.09
ST10087,4,72.49
ST10088,1,73.57
ST10088,2,72.89
ST10088,3,81.93
ST10088,4,88.29
ST10089,1,66.58
ST10089,2,70.76
ST10089,3,88.88
ST10089,4,100.0
ST10090,1,76.11
ST10090,2,75.04
ST10090,3,70.77
ST10090,4,83.87
ST10091,1,70.26
ST10091,2,74.69
ST10091,3,65.71
ST10091,4,100.0
ST10092,1,79.02
ST10092,2,79.27
ST10092,3,70.61
ST10092,4,88.91
ST10093,1,66.42
ST10093,2,80.76
ST10093,3,82.89
ST10093,4,91.23
ST10094,1,75.08
ST10094,2,79.69
ST10094,3,73.6
ST10094,4,84.88
ST10095,1,86.08
ST10095,2,80.53
ST10095,3,65.84
ST10095,4,88.42
ST10096,1,81.55
ST10096,2,93.2
ST10096,3,76.84
ST10096,4,62.31
ST10097,1,100.0
ST10097,2,85.78
ST10097,3,82.6
ST10097,4,93.15
ST10098,1,90.48
ST10098,2,87.21
ST10098,3,85.53
ST10098,4,80.91
ST10099,1,90.54
ST10099,2,64.84
ST10099,3,82.01
ST10099,4,76.69
ST10100,1,87.49
ST10100,2,85.36
ST10100,3,77.14
ST10100,4,79.74
ST10101,1,72.62
ST10101,2,89.28
ST10101,3,88.98
ST10101,4,88.42
ST10102,1,87.4
ST10102,2,84.46
ST10102,3,89.31
ST10102,4,85.2
ST10103,1,74.8
ST10103,2,87.47
ST10103,3,91.12
ST10103,4,87.62
ST10104,1,72.11
ST10104,2,58.11
ST10104,3,73.75
ST10104,4,64.02
ST10105,1,73.67
ST10105,2,73.61
ST10105,3,68.85
ST10105,4,83.26
ST10106,1,94.05
ST10106,2,87.42
ST10106,3,90.46
ST10106,4,78.5
ST10107,1,74.68
ST10107,2,73.03
ST10107,3,53.28
ST10107,4,79.12
ST10108,1,67.51
ST10108,2,93.56
ST10108,3,89.03
ST10108,4,65.66
ST10109,1,86.54
ST10109,2,86.65
ST10109,3,80.25
ST10109,4,89.48
ST10110,1,77.28
ST10110,2,84.97
ST10110,3,79.08
ST10110,4,90.55
ST10111,1,82.07
ST10111,2,71.36
ST10111,3,83.01
ST10111,4,77.21
ST10112,1,76.61
ST10112,2,80.27
ST10112,3,71.27
ST10112,4,76.63
ST10113,1,94.03
ST10113,2,93.47
ST10113,3,97.88
ST10113,4,80.47
ST10114,1,89.72
ST10114,2,72.45
ST10114,3,89.74
ST10114,4,87.65
ST10115,1,78.29
ST10115,2,75.91
ST10115,3,81.4
ST10115,4,72.64
ST10116,1,92.55
ST10116,2,78.49
ST10116,3,80.26
ST10116,4,80.46
ST10117,1,76.19
ST10117,2,81.14
ST10117,3,83.36
ST10117,4,89.65
ST10118,1,92.14
ST10118,2,89.45
ST10118,3,78.42
ST10118,4,84.5
ST10119,1,96.04
ST10119,2,100.0
ST10119,3,68.67
ST10119,4,84.33
ST10120,1,88.16
ST10120,2,62.66
ST10120,3,81.2
ST10120,4,71.13
ST10121,1,68.44
ST10121,2,72.98
ST10121,3,87.61
ST10121,4,75.56
ST10122,1,80.56
ST10122,2,84.48
ST10122,3,84.8
ST10122,4,82.38
ST10123,1,95.63
ST10123,2,82.45
ST10123,3,98.66
ST10123,4,70.82
ST10124,1,71.29
ST10124,2,67.38
ST10124,3,68.46
ST10124,4,77.54
ST10125,1,94.46
ST10125,2,93.31
ST10125,3,70.25
ST10125,4,81.96
ST10126,1,71.8
ST10126,2,86.58
ST10126,3,74.45
ST10126,4,75.45
ST10127,1,91.6
ST10127,2,78.26
ST10127,3,74.25
ST10127,4,68.12
ST10128,1,80.95
ST10128,2,89.56
ST10128,3,90.37
ST10128,4,83.4
ST10129,1,87.43
ST10129,2,67.12
ST10129,3,82.99
ST10129,4,72.64
ST10130,1,100.0
ST10130,2,77.93
ST10130,3,90.66
ST10130,4,72.57
ST10131,1,67.93
ST10131,2,58.13
ST10131,3,74.65
ST10131,4,71.01
ST10132,1,70.81
ST10132,2,81.87
ST10132,3,80.46
ST10132,4,76.92
ST10133,1,78.1
ST10133,2,89.13
ST10133,3,87.07
ST10133,4,84.75
ST10134,1,87.09
ST10134,2,72.72
ST10134,3,80.8
ST10134,4,86.05
ST10135,1,71.22
ST10135,2,90.89
ST10135,3,68.62
ST10135,4,62.57
ST10136,1,90.73
ST10136,2,76.09
ST10136,3,78.27
ST10136,4,89.83
ST10137,1,83.36
ST10137,2,85.89
ST10137,3,87.09
ST10137,4,72.79
ST10138,1,72.89
ST10138,2,77.55
ST10138,3,93.24
ST10138,4,80.86
ST10139,1,97.37
ST10139,2,86.84
ST10139,3,93.23
ST10139,4,86.78
ST10140,1,75.33
ST10140,2,81.85
ST10140,3,93.06
ST10140,4,76.24
ST10141,1,76.58
ST10141,2,73.55
ST10141,3,97.77
ST10141,4,92.02
ST10142,1,86.22
ST10142,2,70.07
ST10142,3,94.87
ST10142,4,75.3
ST10143,1,66.99
ST10143,2,78.28
ST10143,3,88.97
ST10143,4,100.0
ST10144,1,84.04
ST10144,2,77.75
ST10144,3,86.86
ST10144,4,76.64
ST10145,1,94.08
ST10145,2,81.22
ST10145,3,85.64
ST10145,4,84.73
ST10146,1,83.13
ST10146,2,85.51
ST10146,3,100.0
ST10146,4,84.67
ST10147,1,79.98
ST10147,2,81.66
ST10147,3,72.62
ST10147,4,80.32
ST10148,1,66.15
ST10148,2,89.71
ST10148,3,83.97
ST10148,4,82.95
ST10149,1,69.25
ST10149,2,77.27
ST10149,3,84.88
ST10149,4,79.78
ST10150,1,85.88
ST10150,2,100.0
ST10150,3,92.63
ST10150,4,77.72
ST10151,1,74.99
ST10151,2,82.17
ST10151,3,84.77
ST10151,4,94.1
ST10152,1,86.07
ST10152,2,81.04
ST10152,3,92.67
ST10152,4,74.67
ST10153,1,75.72
ST10153,2,94.85
ST10153,3,65.58
ST10153,4,58.84
ST10154,1,81.36
ST10154,2,94.19
ST10154,3,89.11
ST10154,4,75.53
ST10155,1,80.93
ST10155,2,74.62
ST10155,3,72.85
ST10155,4,100.0
ST10156,1,75.88
ST10156,2,82.63
ST10156,3,79.95
ST10156,4,80.7
ST10157,1,84.13
ST10157,2,80.31
ST10157,3,87.23
ST10157,4,82.38
ST10158,1,86.86
ST10158,2,64.47
ST10158,3,66.49
ST10158,4,89.93
ST10159,1,91.99
ST10159,2,75.12
ST10159,3,73.11
ST10159,4,60.39
ST10160,1,79.14
ST10160,2,71.16
ST10160,3,73.99
ST10160,4,76.28
ST10161,1,73.84
ST10161,2,88.56
ST10161,3,85.63
ST10161,4,71.75
ST10162,1,68.91
ST10162,2,67.23
ST10162,3,79.37
ST10162,4,60.6
ST10163,1,76.87
ST10163,2,72.82
ST10163,3,77.54
ST10163,4,86.82
ST10164,1,77.44
ST10164,2,87.6
ST10164,3,68.51
ST10164,4,78.25
ST10165,1,85.69
ST10165,2,82.3
ST10165,3,86.99
ST10165,4,90.65
ST10166,1,76.19
ST10166,2,80.18
ST10166,3,76.94
ST10166,4,75.57
ST10167,1,83.53
ST10167,2,64.59
ST10167,3,81.56
ST10167,4,67.0
ST10168,1,80.74
ST10168,2,71.1
ST10168,3,81.49
ST10168,4,81.16
ST10169,1,66.89
ST10169,2,75.62
ST10169,3,81.75
ST10169,4,91.23
ST10170,1,84.76
ST10170,2,75.46
ST10170,3,72.23
ST10170,4,77.17
ST10171,1,79.48
ST10171,2,86.04
ST10171,3,83.8
ST10171,4,74.85
ST10172,1,91.36
ST10172,2,96.63
ST10172,3,82.2
ST10172,4,88.36
ST10173,1,56.73
ST10173,2,83.79
ST10173,3,77.27
ST10173,4,81.68
ST10174,1,66.52
ST10174,2,79.85
ST10174,3,67.66
ST10174,4,74.2
ST10175,1,89.29
ST10175,2,74.0
ST10175,3,87.03
ST10175,4,61.32
ST10176,1,84.65
ST10176,2,69.36
ST10176,3,93.9
ST10176,4,90.16
ST10177,1,79.95
ST10177,2,67.5
ST10177,3,77.18
ST10177,4,77.02
ST10178,1,92.33
ST10178,2,83.79
ST10178,3,74.93
ST10178,4,72.05
ST10179,1,78.93
ST10179,2,87.1
ST10179,3,68.58
ST10179,4,65.52
ST10180,1,67.75
ST10180,2,60.79
ST10180,3,78.55
ST10180,4,99.71
ST10181,1,69.47
ST10181,2,77.21
ST10181,3,95.25
ST10181,4,80.84
ST10182,1,72.96
ST10182,2,68.78
ST10182,3,72.1
ST10182,4,81.61
ST10183,1,78.15
ST10183,2,95.19
ST10183,3,76.24
ST10183,4,77.98
ST10184,1,71.36
ST10184,2,89.65
ST10184,3,88.02
ST10184,4,79.99
ST10185,1,69.59
ST10185,2,87.12
ST10185,3,72.68
ST10185,4,88.39
ST10186,1,70.96
ST10186,2,64.54
ST10186,3,83.14
ST10186,4,81.92
ST10187,1,80.2
ST10187,2,82.06
ST10187,3,73.27
ST10187,4,66.75
ST10188,1,81.14
ST10188,2,77.15
ST10188,3,83.51
ST10188,4,79.09
ST10189,1,78.38
ST10189,2,87.38
ST10189,3,94.77
ST10189,4,90.91
ST10190,1,90.77
ST10190,2,75.57
ST10190,3,75.96
ST10190,4,72.75
ST10191,1,69.93
ST10191,2,91.17
ST10191,3,87.09
ST10191,4,86.7
ST10192,1,88.22
ST10192,2,70.49
ST10192,3,83.16
ST10192,4,88.9
ST10193,1,79.08
ST10193,2,74.47
ST10193,3,91.18
ST10193,4,76.17
ST10194,1,79.76
ST10194,2,65.88
ST10194,3,88.75
ST10194,4,77.06
ST10195,1,81.84
ST10195,2,83.51
ST10195,3,70.75
ST10195,4,88.79
ST10196,1,82.14
ST10196,2,75.74
ST10196,3,88.8
ST10196,4,81.94
ST10197,1,86.59
ST10197,2,80.03
ST10197,3,86.17
ST10197,4,76.93
ST10198,1,90.87
ST10198,2,84.03
ST10198,3,93.28
ST10198,4,86.61
ST10199,1,73.94
ST10199,2,78.27
ST10199,3,75.31
ST10199,4,80.92
ST10200,1,79.43
ST10200,2,78.49
ST10200,3,72.27
ST10200,4,88.09
ST10201,1,81.98
ST10201,2,69.91
ST10201,3,80.31
ST10201,4,88.48
ST10202,1,67.24
ST10202,2,72.68
ST10202,3,77.59
ST10202,4,90.36
ST10203,1,89.01
ST10203,2,88.06
ST10203,3,81.39
ST10203,4,85.88
ST10204,1,61.65
ST10204,2,80.64
ST10204,3,81.6
ST10204,4,82.85
ST10205,1,70.04
ST10205,2,63.98
ST10205,3,70.55
ST10205,4,77.58
ST10206,1,70.94
ST10206,2,70.45
ST10206,3,92.8
ST10206,4,74.89
ST10207,1,97.7
ST10207,2,92.63
ST10207,3,71.82
ST10207,4,79.17
ST10208,1,86.01
ST10208,2,71.34
ST10208,3,67.94
ST10208,4,81.1
ST10209,1,79.33
ST10209,2,91.52
ST10209,3,89.65
ST10209,4,86.64
ST10210,1,72.84
ST10210,2,68.14
ST10210,3,83.72
ST10210,4,100.0
ST10211,1,83.18
ST10211,2,79.34
ST10211,3,82.21
ST10211,4,88.21
ST10212,1,69.76
ST10212,2,72.24
ST10212,3,95.71
ST10212,4,91.15
ST10213,1,91.95
ST10213,2,79.9
ST10213,3,83.6
ST10213,4,71.13
ST10214,1,72.52
ST10214,2,79.16
ST10214,3,88.81
ST10214,4,83.32
ST10215,1,86.67
ST10215,2,86.84
ST10215,3,92.95
ST10215,4,84.47
ST10216,1,73.37
ST10216,2,76.59
ST10216,3,62.4
ST10216,4,81.01
ST10217,1,90.48
ST10217,2,64.59
ST10217,3,80.97
ST10217,4,84.78
ST10218,1,76.77
ST10218,2,78.02
ST10218,3,78.47
ST10218,4,81.62
ST10219,1,65.73
ST10219,2,81.94
ST10219,3,82.47
ST10219,4,71.48
ST10220,1,75.13
ST10220,2,71.19
ST10220,3,75.67
ST10220,4,85.05
ST10221,1,91.09
ST10221,2,97.11
ST10221,3,87.83
ST10221,4,75.52
ST10222,1,74.88
ST10222,2,79.62
ST10222,3,71.97
ST10222,4,87.81
ST10223,1,100.0
ST10223,2,68.69
ST10223,3,71.64
ST10223,4,91.85
ST10224,1,76.12
ST10224,2,74.3
ST10224,3,90.63
ST10224,4,79.29
ST10225,1,91.48
ST10225,2,84.31
ST10225,3,64.51
ST10225,4,69.93
ST10226,1,79.49
ST10226,2,57.79
ST10226,3,86.53
ST10226,4,79.98
ST10227,1,79.72
ST10227,2,64.11
ST10227,3,70.56
ST10227,4,75.76
ST10228,1,86.51
ST10228,2,67.99
ST10228,3,85.86
ST10228,4,80.72
ST10229,1,77.41
ST10229,2,83.18
ST10229,3,70.65
ST10229,4,73.4
ST10230,1,84.95
ST10230,2,57.14
ST10230,3,77.15
ST10230,4,84.08
ST10231,1,73.09
ST10231,2,72.23
ST10231,3,95.06
ST10231,4,69.21
ST10232,1,81.51
ST10232,2,76.47
ST10232,3,82.66
ST10232,4,90.8
ST10233,1,79.17
ST10233,2,75.77
ST10233,3,91.85
ST10233,4,81.25
ST10234,1,87.45
ST10234,2,83.5
ST10234,3,88.2
ST10234,4,93.64
ST10235,1,87.41
ST10235,2,76.12
ST10235,3,85.59
ST10235,4,80.09
ST10236,1,91.54
ST10236,2,85.85
ST10236,3,83.31
ST10236,4,88.52
ST10237,1,82.09
ST10237,2,95.75
ST10237,3,80.68
ST10237,4,73.14
ST10238,1,86.46
ST10238,2,94.27
ST10238,3,72.91
ST10238,4,84.13
ST10239,1,93.35
ST10239,2,75.26
ST10239,3,63.09
ST10239,4,68.28
ST10240,1,68.97
ST10240,2,67.61
ST10240,3,67.85
ST10240,4,90.68
ST10241,1,79.48
ST10241,2,81.69
ST10241,3,71.9
ST10241,4,83.2
ST10242,1,66.75
ST10242,2,67.09
ST10242,3,100.0
ST10242,4,84.11
ST10243,1,91.47
ST10243,2,72.48
ST10243,3,73.73
ST10243,4,74.44
ST10244,1,89.73
ST10244,2,59.56
ST10244,3,80.82
ST10244,4,79.6
ST10245,1,63.26
ST10245,2,79.75
ST10245,3,72.85
ST10245,4,89.96
ST10246,1,75.69
ST10246,2,74.66
ST10246,3,88.99
ST10246,4,76.38
ST10247,1,84.94
ST10247,2,93.1
ST10247,3,99.22
ST10247,4,85.19
ST10248,1,75.39
ST10248,2,100.0
ST10248,3,72.02
ST10248,4,69.24
ST10249,1,78.03
ST10249,2,71.2
ST10249,3,92.71
ST10249,4,78.5
ST10250,1,90.25
ST10250,2,99.19
ST10250,3,89.19
ST10250,4,84.42
ST10251,1,77.07
ST10251,2,79.75
ST10251,3,81.35
ST10251,4,83.43
ST10252,1,80.08
ST10252,2,69.54
ST10252,3,90.56
ST10252,4,86.41
ST10253,1,71.17
ST10253,2,81.38
ST10253,3,78.23
ST10253,4,85.95
ST10254,1,86.01
ST10254,2,68.98
ST10254,3,81.6
ST10254,4,81.33
ST10255,1,69.94
ST10255,2,65.11
ST10255,3,90.23
ST10255,4,68.74
ST10256,1,79.03
ST10256,2,77.38
ST10256,3,94.21
ST10256,4,79.33
ST10257,1,81.07
ST10257,2,88.04
ST10257,3,81.32
ST10257,4,74.35
ST10258,1,78.05
ST10258,2,80.35
ST10258,3,73.1
ST10258,4,75.8
ST10259,1,79.3
ST10259,2,79.2
ST10259,3,69.39
ST10259,4,69.45
ST10260,1,69.04
ST10260,2,76.27
ST10260,3,88.45
ST10260,4,76.29
ST10261,1,83.95
ST10261,2,77.23
ST10261,3,94.71
ST10261,4,74.54
ST10262,1,69.99
ST10262,2,75.85
ST10262,3,98.77
ST10262,4,99.37
ST10263,1,94.74
ST10263,2,72.3
ST10263,3,83.63
ST10263,4,82.28
ST10264,1,76.93
ST10264,2,91.33
ST10264,3,79.67
ST10264,4,82.67
ST10265,1,73.09
ST10265,2,77.52
ST10265,3,81.9
ST10265,4,66.3
ST10266,1,92.1
ST10266,2,73.29
ST10266,3,79.77
ST10266,4,83.04
ST10267,1,76.92
ST10267,2,62.16
ST10267,3,89.4
ST10267,4,78.64
ST10268,1,72.97
ST10268,2,96.49
ST10268,3,83.22
ST10268,4,71.58
ST10269,1,73.62
ST10269,2,80.01
ST10269,3,75.71
ST10269,4,79.5
ST10270,1,71.21
ST10270,2,80.35
ST10270,3,88.32
ST10270,4,80.24
ST10271,1,80.9
ST10271,2,82.14
ST10271,3,78.68
ST10271,4,81.6
ST10272,1,89.44
ST10272,2,90.03
ST10272,3,84.12
ST10272,4,96.82
ST10273,1,76.49
ST10273,2,83.27
ST10273,3,69.0
ST10273,4,78.38
ST10274,1,87.96
ST10274,2,89.44
ST10274,3,80.84
ST10274,4,84.03
ST10275,1,77.39
ST10275,2,94.17
ST10275,3,68.17
ST10275,4,68.2
ST10276,1,75.83
ST10276,2,77.3
ST10276,3,80.9
ST10276,4,81.76
ST10277,1,56.24
ST10277,2,67.22
ST10277,3,70.36
ST10277,4,67.33
ST10278,1,100.0
ST10278,2,84.64
ST10278,3,88.06
ST10278,4,73.41
ST10279,1,89.57
ST10279,2,64.37
ST10279,3,86.61
ST10279,4,76.04
ST10280,1,81.05
ST10280,2,70.59
ST10280,3,93.63
ST10280,4,75.08
ST10281,1,73.7
ST10281,2,79.1
ST10281,3,91.53
ST10281,4,86.59
ST10282,1,85.77
ST10282,2,73.77
ST10282,3,85.45
ST10282,4,97.48
ST10283,1,79.2
ST10283,2,85.48
ST10283,3,100.0
ST10283,4,84.52
ST10284,1,86.08
ST10284,2,74.17
ST10284,3,85.49
ST10284,4,89.96
ST10285,1,86.24
ST10285,2,76.19
ST10285,3,87.7
ST10285,4,80.66
ST10286,1,73.04
ST10286,2,89.59
ST10286,3,93.27
ST10286,4,72.64
ST10287,1,71.48
ST10287,2,80.82
ST10287,3,90.05
ST10287,4,69.78
ST10288,1,83.67
ST10288,2,69.33
ST10288,3,92.01
ST10288,4,68.32
ST10289,1,86.97
ST10289,2,86.73
ST10289,3,58.9
ST10289,4,79.31
ST10290,1,71.3
ST10290,2,82.58
ST10290,3,79.6
ST10290,4,63.48
ST10291,1,66.68
ST10291,2,58.49
ST10291,3,100.0
ST10291,4,84.64
ST10292,1,71.59
ST10292,2,93.36
ST10292,3,80.16
ST10292,4,91.55
ST10293,1,90.61
ST10293,2,75.68
ST10293,3,92.5
ST10293,4,84.59
ST10294,1,80.42
ST10294,2,62.97
ST10294,3,78.41
ST10294,4,65.92
ST10295,1,85.61
ST10295,2,66.03
ST10295,3,92.59
ST10295,4,87.08
ST10296,1,80.49
ST10296,2,89.7
ST10296,3,68.49
ST10296,4,78.7
ST10297,1,82.29
ST10297,2,74.62
ST10297,3,79.67
ST10297,4,83.16
ST10298,1,89.43
ST10298,2,81.61
ST10298,3,56.69
ST10298,4,80.53
ST10299,1,73.67
ST10299,2,79.86
ST10299,3,66.33
ST10299,4,75.19
ST10300,1,82.53
ST10300,2,86.28
ST10300,3,70.09
ST10300,4,83.11
ST10301,1,78.57
ST10301,2,77.1
ST10301,3,76.36
ST10301,4,73.87
ST10302,1,84.31
ST10302,2,71.87
ST10302,3,78.22
ST10302,4,69.08
ST10303,1,68.15
ST10303,2,92.48
ST10303,3,93.78
ST10303,4,81.16
ST10304,1,83.24
ST10304,2,72.17
ST10304,3,100.0
ST10304,4,70.5
ST10305,1,81.31
ST10305,2,67.34
ST10305,3,67.29
ST10305,4,72.37
ST10306,1,69.25
ST10306,2,95.12
ST10306,3,100.0
ST10306,4,97.15
ST10307,1,70.18
ST10307,2,81.04
ST10307,3,94.98
ST10307,4,86.47
ST10308,1,66.06
ST10308,2,71.47
ST10308,3,93.76
ST10308,4,81.1
ST10309,1,67.37
ST10309,2,85.32
ST10309,3,79.82
ST10309,4,86.3
ST10310,1,81.16
ST10310,2,85.48
ST10310,3,76.68
ST10310,4,90.4
ST10311,1,96.96
ST10311,2,87.86
ST10311,3,73.64
ST10311,4,80.74
ST10312,1,92.65
ST10312,2,81.59
ST10312,3,63.98
ST10312,4,82.88
ST10313,1,73.74
ST10313,2,73.2
ST10313,3,94.46
ST10313,4,86.93
ST10314,1,77.27
ST10314,2,81.48
ST10314,3,81.23
ST10314,4,94.09
ST10315,1,59.66
ST10315,2,88.7
ST10315,3,92.14
ST10315,4,99.5
ST10316,1,60.59
ST10316,2,88.15
ST10316,3,89.16
ST10316,4,65.11
ST10317,1,88.88
ST10317,2,82.24
ST10317,3,70.48
ST10317,4,77.53
ST10318,1,80.79
ST10318,2,84.58
ST10318,3,77.71
ST10318,4,92.8
ST10319,1,100.0
ST10319,2,90.45
ST10319,3,85.37
ST10319,4,83.47
ST10320,1,80.77
ST10320,2,87.18
ST10320,3,78.87
ST10320,4,81.06
ST10321,1,84.46
ST10321,2,73.36
ST10321,3,92.67
ST10321,4,84.34
ST10322,1,67.06
ST10322,2,99.09
ST10322,3,74.53
ST10322,4,86.27
ST10323,1,90.38
ST10323,2,73.32
ST10323,3,74.83
ST10323,4,87.69
ST10324,1,79.77
ST10324,2,87.91
ST10324,3,88.75
ST10324,4,93.42
ST10325,1,90.56
ST10325,2,85.21
ST10325,3,80.37
ST10325,4,88.9
ST10326,1,69.15
ST10326,2,98.16
ST10326,3,70.3
ST10326,4,86.95
ST10327,1,74.11
ST10327,2,77.67
ST10327,3,84.65
ST10327,4,82.51
ST10328,1,78.8
ST10328,2,62.15
ST10328,3,80.75
ST10328,4,94.34
ST10329,1,94.89
ST10329,2,73.28
ST10329,3,92.54
ST10329,4,69.44
ST10330,1,81.26
ST10330,2,79.05
ST10330,3,92.27
ST10330,4,79.94
ST10331,1,89.03
ST10331,2,63.8
ST10331,3,91.12
ST10331,4,85.81
ST10332,1,86.18
ST10332,2,71.96
ST10332,3,77.25
ST10332,4,89.64
ST10333,1,65.86
ST10333,2,69.87
ST10333,3,87.64
ST10333,4,87.98
ST10334,1,88.05
ST10334,2,100.0
ST10334,3,94.62
ST10334,4,83.91
ST10335,1,78.85
ST10335,2,72.82
ST10335,3,80.9
ST10335,4,99.92
ST10336,1,79.09
ST10336,2,71.69
ST10336,3,67.5
ST10336,4,80.58
ST10337,1,93.2
ST10337,2,92.28
ST10337,3,80.15
ST10337,4,77.09
ST10338,1,72.38
ST10338,2,78.05
ST10338,3,66.2
ST10338,4,75.44
ST10339,1,60.94
ST10339,2,83.42
ST10339,3,79.04
ST10339,4,67.51
ST10340,1,58.6
ST10340,2,73.19
ST10340,3,67.04
ST10340,4,69.45
ST10341,1,93.28
ST10341,2,89.67
ST10341,3,82.93
ST10341,4,80.04
ST10342,1,73.35
ST10342,2,87.94
ST10342,3,85.35
ST10342,4,68.29
ST10343,1,69.49
ST10343,2,65.58
ST10343,3,70.55
ST10343,4,75.88
ST10344,1,66.99
ST10344,2,90.09
ST10344,3,78.27
ST10344,4,78.95
ST10345,1,95.84
ST10345,2,80.99
ST10345,3,83.59
ST10345,4,72.22
ST10346,1,75.43
ST10346,2,88.18
ST10346,3,95.87
ST10346,4,76.07
ST10347,1,89.69
ST10347,2,71.95
ST10347,3,79.35
ST10347,4,91.69
ST10348,1,71.47
ST10348,2,80.23
ST10348,3,98.36
ST10348,4,80.07
ST10349,1,100.0
ST10349,2,64.65
ST10349,3,93.51
ST10349,4,55.03
ST10350,1,75.45
ST10350,2,88.5
ST10350,3,85.4
ST10350,4,72.76
ST10351,1,88.76
ST10351,2,85.68
ST10351,3,73.84
ST10351,4,73.03
ST10352,1,73.16
ST10352,2,90.56
ST10352,3,84.83
ST10352,4,91.5
ST10353,1,83.96
ST10353,2,71.21
ST10353,3,85.73
ST10353,4,90.53
ST10354,1,67.22
ST10354,2,93.84
ST10354,3,82.57
ST10354,4,100.0
ST10355,1,92.61
ST10355,2,88.78
ST10355,3,90.52
ST10355,4,68.69
ST10356,1,70.51
ST10356,2,75.53
ST10356,3,100.0
ST10356,4,73.19
ST10357,1,69.74
ST10357,2,64.29
ST10357,3,90.2
ST10357,4,81.9
ST10358,1,83.53
ST10358,2,85.35
ST10358,3,81.04
ST10358,4,89.23
ST10359,1,95.43
ST10359,2,73.45
ST10359,3,80.37
ST10359,4,79.09
ST10360,1,83.8
ST10360,2,76.61
ST10360,3,62.04
ST10360,4,80.04
ST10361,1,93.62
ST10361,2,70.0
ST10361,3,87.1
ST10361,4,80.19
ST10362,1,83.55
ST10362,2,96.28
ST10362,3,80.55
ST10362,4,94.88
ST10363,1,80.09
ST10363,2,81.7
ST10363,3,81.81
ST10363,4,89.29
ST10364,1,63.75
ST10364,2,72.23
ST10364,3,77.78
ST10364,4,76.63
ST10365,1,78.14
ST10365,2,77.82
ST10365,3,70.05
ST10365,4,78.41
ST10366,1,96.6
ST10366,2,95.09
ST10366,3,76.65
ST10366,4,100.0
ST10367,1,78.23
ST10367,2,57.9
ST10367,3,80.45
ST10367,4,85.58
ST10368,1,80.5
ST10368,2,75.48
ST10368,3,83.29
ST10368,4,71.57
ST10369,1,89.58
ST10369,2,94.73
ST10369,3,78.72
ST10369,4,90.01
ST10370,1,89.09
ST10370,2,66.1
ST10370,3,70.42
ST10370,4,80.46
ST10371,1,73.13
ST10371,2,83.13
ST10371,3,75.71
ST10371,4,73.74
ST10372,1,81.42
ST10372,2,84.92
ST10372,3,85.9
ST10372,4,92.46
ST10373,1,89.54
ST10373,2,95.33
ST10373,3,93.28
ST10373,4,94.76
ST10374,1,72.13
ST10374,2,78.34
ST10374,3,80.74
ST10374,4,71.53
ST10375,1,86.12
ST10375,2,83.95
ST10375,3,89.51
ST10375,4,84.3
ST10376,1,83.12
ST10376,2,93.69
ST10376,3,69.96
ST10376,4,89.48
ST10377,1,82.53
ST10377,2,67.13
ST10377,3,68.49
ST10377,4,96.76
ST10378,1,75.7
ST10378,2,67.92
ST10378,3,82.47
ST10378,4,83.4
ST10379,1,80.26
ST10379,2,89.45
ST10379,3,100.0
ST10379,4,78.31
ST10380,1,81.65
ST10380,2,82.23
ST10380,3,89.7
ST10380,4,76.55
ST10381,1,55.81
ST10381,2,87.55
ST10381,3,73.8
ST10381,4,84.87
ST10382,1,74.1
ST10382,2,86.82
ST10382,3,95.09
ST10382,4,71.12
ST10383,1,75.5
ST10383,2,87.25
ST10383,3,83.35
ST10383,4,80.08
ST10384,1,91.74
ST10384,2,68.58
ST10384,3,76.53
ST10384,4,77.85
ST10385,1,75.09
ST10385,2,82.05
ST10385,3,75.19
ST10385,4,86.77
ST10386,1,74.51
ST10386,2,72.9
ST10386,3,72.67
ST10386,4,100.0
ST10387,1,68.55
ST10387,2,95.09
ST10387,3,91.63
ST10387,4,76.01
ST10388,1,76.16
ST10388,2,92.3
ST10388,3,86.76
ST10388,4,80.18
ST10389,1,78.58
ST10389,2,79.28
ST10389,3,83.62
ST10389,4,86.42
ST10390,1,86.05
ST10390,2,94.35
ST10390,3,81.97
ST10390,4,69.01
ST10391,1,81.36
ST10391,2,73.72
ST10391,3,97.75
ST10391,4,73.58
ST10392,1,92.17
ST10392,2,96.47
ST10392,3,83.23
ST10392,4,76.95
ST10393,1,79.42
ST10393,2,62.15
ST10393,3,70.68
ST10393,4,74.79
ST10394,1,76.05
ST10394,2,98.88
ST10394,3,85.66
ST10394,4,95.91
ST10395,1,82.44
ST10395,2,94.15
ST10395,3,81.65
ST10395,4,78.76
ST10396,1,78.66
ST10396,2,85.12
ST10396,3,92.24
ST10396,4,80.54
ST10397,1,90.28
ST10397,2,65.58
ST10397,3,100.0
ST10397,4,93.09
ST10398,1,93.53
ST10398,2,86.91
ST10398,3,84.06
ST10398,4,87.04
ST10399,1,94.31
ST10399,2,78.17
ST10399,3,95.85
ST10399,4,78.63
ST10400,1,52.8
ST10400,2,81.72
ST10400,3,64.57
ST10400,4,88.02
ST10401,1,80.46
ST10401,2,69.64
ST10401,3,79.55
ST10401,4,95.09
ST10402,1,75.73
ST10402,2,95.0
ST10402,3,90.15
ST10402,4,97.03
ST10403,1,78.2
ST10403,2,87.77
ST10403,3,75.31
ST10403,4,73.17
ST10404,1,80.17
ST10404,2,80.42
ST10404,3,83.96
ST10404,4,80.43
ST10405,1,80.68
ST10405,2,87.44
ST10405,3,64.06
ST10405,4,75.62
ST10406,1,88.13
ST10406,2,77.21
ST10406,3,96.96
ST10406,4,89.01
ST10407,1,71.52
ST10407,2,82.89
ST10407,3,85.03
ST10407,4,85.68
ST10408,1,76.61
ST10408,2,74.43
ST10408,3,88.27
ST10408,4,81.24
ST10409,1,74.48
ST10409,2,83.91
ST10409,3,76.51
ST10409,4,70.86
ST10410,1,80.3
ST10410,2,68.38
ST10410,3,74.3
ST10410,4,98.2
ST10411,1,72.84
ST10411,2,91.12
ST10411,3,75.21
ST10411,4,70.88
ST10412,1,83.49
ST10412,2,97.25
ST10412,3,94.85
ST10412,4,100.0
ST10413,1,85.86
ST10413,2,84.43
ST10413,3,67.41
ST10413,4,93.22
ST10414,1,80.7
ST10414,2,77.34
ST10414,3,81.06
ST10414,4,77.06
ST10415,1,82.11
ST10415,2,100.0
ST10415,3,77.13
ST10415,4,85.15
ST10416,1,74.72
ST10416,2,85.22
ST10416,3,88.01
ST10416,4,73.26
ST10417,1,56.34
ST10417,2,92.8
ST10417,3,68.62
ST10417,4,77.86
ST10418,1,67.24
ST10418,2,97.62
ST10418,3,99.5
ST10418,4,93.3
ST10419,1,88.73
ST10419,2,89.84
ST10419,3,68.76
ST10419,4,85.1
ST10420,1,71.53
ST10420,2,84.55
ST10420,3,88.31
ST10420,4,89.45
ST10421,1,96.88
ST10421,2,72.5
ST10421,3,66.14
ST10421,4,98.03
ST10422,1,77.59
ST10422,2,76.71
ST10422,3,76.79
ST10422,4,80.36
ST10423,1,80.08
ST10423,2,70.72
ST10423,3,83.8
ST10423,4,85.41
ST10424,1,71.34
ST10424,2,82.89
ST10424,3,63.12
ST10424,4,92.46
ST10425,1,78.2
ST10425,2,81.05
ST10425,3,72.47
ST10425,4,83.58
ST10426,1,88.79
ST10426,2,100.0
ST10426,3,83.16
ST10426,4,84.05
ST10427,1,74.52
ST10427,2,71.68
ST10427,3,75.38
ST10427,4,94.37
ST10428,1,87.7
ST10428,2,76.19
ST10428,3,76.12
ST10428,4,72.05
ST10429,1,86.68
ST10429,2,94.03
ST10429,3,79.36
ST10429,4,61.32
ST10430,1,89.78
ST10430,2,79.53
ST10430,3,75.92
ST10430,4,91.93
ST10431,1,84.32
ST10431,2,77.74
ST10431,3,81.8
ST10431,4,64.92
ST10432,1,79.1
ST10432,2,84.96
ST10432,3,83.28
ST10432,4,80.91
ST10433,1,73.29
ST10433,2,74.39
ST10433,3,94.1
ST10433,4,86.14
ST10434,1,87.15
ST10434,2,78.44
ST10434,3,81.41
ST10434,4,89.3
ST10435,1,82.89
ST10435,2,92.36
ST10435,3,90.57
ST10435,4,82.18
ST10436,1,88.11
ST10436,2,72.54
ST10436,3,92.43
ST10436,4,79.39
ST10437,1,75.22
ST10437,2,85.34
ST10437,3,81.62
ST10437,4,75.57
ST10438,1,80.7
ST10438,2,73.63
ST10438,3,94.06
ST10438,4,76.05
ST10439,1,75.78
ST10439,2,76.72
ST10439,3,79.34
ST10439,4,73.12
ST10440,1,69.69
ST10440,2,86.36
ST10440,3,64.29
ST10440,4,88.29
ST10441,1,79.69
ST10441,2,84.5
ST10441,3,90.3
ST10441,4,82.94
ST10442,1,83.2
ST10442,2,83.98
ST10442,3,83.2
ST10442,4,75.15
ST10443,1,97.97
ST10443,2,88.45
ST10443,3,96.32
ST10443,4,91.47
ST10444,1,67.28
ST10444,2,74.73
ST10444,3,66.6
ST10444,4,85.39
ST10445,1,83.06
ST10445,2,61.76
ST10445,3,98.46
ST10445,4,69.89
ST10446,1,69.74
ST10446,2,86.87
ST10446,3,79.88
ST10446,4,91.89
ST10447,1,77.7
ST10447,2,73.21
ST10447,3,93.95
ST10447,4,86.43
ST10448,1,73.01
ST10448,2,73.54
ST10448,3,90.24
ST10448,4,68.89
ST10449,1,69.89
ST10449,2,78.82
ST10449,3,81.99
ST10449,4,95.64
ST10450,1,78.52
ST10450,2,77.18
ST10450,3,69.6
ST10450,4,75.09
ST10451,1,78.06
ST10451,2,83.28
ST10451,3,86.08
ST10451,4,84.66
ST10452,1,69.65
ST10452,2,84.1
ST10452,3,80.61
ST10452,4,86.8
ST10453,1,77.77
ST10453,2,72.64
ST10453,3,91.24
ST10453,4,80.62
ST10454,1,91.82
ST10454,2,70.46
ST10454,3,77.77
ST10454,4,94.7
ST10455,1,72.36
ST10455,2,67.06
ST10455,3,67.37
ST10455,4,65.63
ST10456,1,85.17
ST10456,2,94.5
ST10456,3,70.32
ST10456,4,79.53
ST10457,1,89.0
ST10457,2,69.45
ST10457,3,63.41
ST10457,4,66.8
ST10458,1,79.3
ST10458,2,70.21
ST10458,3,54.82
ST10458,4,100.0
ST10459,1,81.49
ST10459,2,81.51
ST10459,3,87.57
ST10459,4,75.97
ST10460,1,55.43
ST10460,2,100.0
ST10460,3,84.12
ST10460,4,69.69
ST10461,1,63.43
ST10461,2,75.5
ST10461,3,93.99
ST10461,4,88.82
ST10462,1,94.33
ST10462,2,65.43
ST10462,3,92.38
ST10462,4,87.55
ST10463,1,73.19
ST10463,2,80.62
ST10463,3,66.34
ST10463,4,72.41
ST10464,1,78.02
ST10464,2,94.1
ST10464,3,75.81
ST10464,4,71.95
ST10465,1,73.84
ST10465,2,83.09
ST10465,3,75.15
ST10465,4,70.77
ST10466,1,100.0
ST10466,2,67.59
ST10466,3,86.69
ST10466,4,73.0
ST10467,1,77.81
ST10467,2,81.36
ST10467,3,72.83
ST10467,4,82.95
ST10468,1,89.58
ST10468,2,90.92
ST10468,3,74.22
ST10468,4,83.08
ST10469,1,82.51
ST10469,2,77.69
ST10469,3,78.58
ST10469,4,84.93
ST10470,1,66.47
ST10470,2,83.85
ST10470,3,97.2
ST10470,4,95.56
ST10471,1,92.69
ST10471,2,85.44
ST10471,3,85.91
ST10471,4,82.34
ST10472,1,75.55
ST10472,2,75.06
ST10472,3,100.0
ST10472,4,80.43
ST10473,1,90.29
ST10473,2,64.42
ST10473,3,85.06
ST10473,4,92.89
ST10474,1,76.94
ST10474,2,78.46
ST10474,3,87.57
ST10474,4,73.62
ST10475,1,85.98
ST10475,2,76.19
ST10475,3,72.05
ST10475,4,94.99
ST10476,1,74.57
ST10476,2,78.87
ST10476,3,76.13
ST10476,4,61.39
ST10477,1,66.4
ST10477,2,64.42
ST10477,3,89.38
ST10477,4,74.9
ST10478,1,77.24
ST10478,2,85.04
ST10478,3,86.15
ST10478,4,75.07
ST10479,1,84.24
ST10479,2,74.62
ST10479,3,71.13
ST10479,4,85.45
ST10480,1,79.41
ST10480,2,87.12
ST10480,3,74.65
ST10480,4,82.53
ST10481,1,87.27
ST10481,2,93.22
ST10481,3,74.73
ST10481,4,100.0
ST10482,1,86.3
ST10482,2,78.49
ST10482,3,73.24
ST10482,4,88.52
ST10483,1,94.1
ST10483,2,78.94
ST10483,3,84.65
ST10483,4,66.33
ST10484,1,100.0
ST10484,2,69.3
ST10484,3,82.61
ST10484,4,96.67
ST10485,1,83.49
ST10485,2,86.19
ST10485,3,100.0
ST10485,4,89.29
ST10486,1,80.95
ST10486,2,87.22
ST10486,3,77.51
ST10486,4,75.38
ST10487,1,82.64
ST10487,2,70.54
ST10487,3,81.42
ST10487,4,77.28
ST10488,1,80.71
ST10488,2,81.74
ST10488,3,76.4
ST10488,4,79.73
ST10489,1,69.71
ST10489,2,63.96
ST10489,3,95.46
ST10489,4,74.78
ST10490,1,94.88
ST10490,2,81.31
ST10490,3,86.94
ST10490,4,73.04
ST10491,1,77.92
ST10491,2,71.39
ST10491,3,74.53
ST10491,4,80.56
ST10492,1,84.42
ST10492,2,78.69
ST10492,3,64.03
ST10492,4,78.9
ST10493,1,71.55
ST10493,2,97.03
ST10493,3,68.11
ST10493,4,77.89
ST10494,1,83.32
ST10494,2,91.98
ST10494,3,78.82
ST10494,4,72.42
ST10495,1,87.62
ST10495,2,66.91
ST10495,3,70.88
ST10495,4,75.24
ST10496,1,72.74
ST10496,2,92.63
ST10496,3,67.17
ST10496,4,82.31
ST10497,1,88.48
ST10497,2,90.78
ST10497,3,100.0
ST10497,4,84.6
ST10498,1,72.6
ST10498,2,81.08
ST10498,3,84.97
ST10498,4,73.48
ST10499,1,79.66
ST10499,2,73.31
ST10499,3,69.13
ST10499,4,76.19
ST10500,1,85.39
ST10500,2,77.75
ST10500,3,77.38
ST10500,4,78.32
ST10501,1,85.22
ST10501,2,75.34
ST10501,3,76.89
ST10501,4,88.38
ST10502,1,92.7
ST10502,2,83.42
ST10502,3,72.05
ST10502,4,100.0
ST10503,1,94.53
ST10503,2,86.32
ST10503,3,86.49
ST10503,4,88.46
ST10504,1,92.84
ST10504,2,91.1
ST10504,3,77.41
ST10504,4,89.38
ST10505,1,97.36
ST10505,2,95.0
ST10505,3,86.89
ST10505,4,82.28
ST10506,1,91.57
ST10506,2,91.53
ST10506,3,87.24
ST10506,4,76.76
ST10507,1,89.54
ST10507,2,70.99
ST10507,3,87.06
ST10507,4,93.96
ST10508,1,86.83
ST10508,2,76.53
ST10508,3,80.68
ST10508,4,95.64
ST10509,1,89.67
ST10509,2,79.81
ST10509,3,98.71
ST10509,4,95.4
ST10510,1,70.7
ST10510,2,79.82
ST10510,3,100.0
ST10510,4,84.86
ST10511,1,83.53
ST10511,2,79.03
ST10511,3,100.0
ST10511,4,93.74
ST10512,1,65.83
ST10512,2,70.12
ST10512,3,76.74
ST10512,4,88.66
ST10513,1,91.18
ST10513,2,99.87
ST10513,3,88.38
ST10513,4,100.0
ST10514,1,74.45
ST10514,2,79.62
ST10514,3,95.05
ST10514,4,75.43
ST10515,1,68.39
ST10515,2,74.92
ST10515,3,75.05
ST10515,4,79.73
ST10516,1,78.88
ST10516,2,79.14
ST10516,3,70.43
ST10516,4,89.38
ST10517,1,60.7
ST10517,2,88.87
ST10517,3,93.31
ST10517,4,76.73
ST10518,1,86.5
ST10518,2,78.64
ST10518,3,69.14
ST10518,4,78.41
ST10519,1,78.7
ST10519,2,81.95
ST10519,3,94.25
ST10519,4,73.9
ST10520,1,73.84
ST10520,2,90.11
ST10520,3,78.1
ST10520,4,85.96
ST10521,1,70.37
ST10521,2,68.0
ST10521,3,72.1
ST10521,4,83.15
ST10522,1,71.18
ST10522,2,82.71
ST10522,3,91.15
ST10522,4,67.63
ST10523,1,83.68
ST10523,2,87.12
ST10523,3,78.5
ST10523,4,76.01
ST10524,1,85.17
ST10524,2,67.32
ST10524,3,81.61
ST10524,4,81.91
ST10525,1,86.67
ST10525,2,84.05
ST10525,3,68.86
ST10525,4,78.13
ST10526,1,85.44
ST10526,2,84.55
ST10526,3,86.05
ST10526,4,90.23
ST10527,1,68.18
ST10527,2,100.0
ST10527,3,77.55
ST10527,4,90.62
ST10528,1,67.98
ST10528,2,95.52
ST10528,3,75.89
ST10528,4,63.91
ST10529,1,86.34
ST10529,2,92.03
ST10529,3,73.6
ST10529,4,77.68
ST10530,1,85.02
ST10530,2,58.05
ST10530,3,76.08
ST10530,4,90.36
ST10531,1,69.46
ST10531,2,100.0
ST10531,3,84.66
ST10531,4,100.0
ST10532,1,77.95
ST10532,2,60.53
ST10532,3,77.55
ST10532,4,76.13
ST10533,1,63.56
ST10533,2,74.05
ST10533,3,84.19
ST10533,4,72.19
ST10534,1,80.18
ST10534,2,69.24
ST10534,3,76.45
ST10534,4,80.42
ST10535,1,85.19
ST10535,2,82.09
ST10535,3,85.53
ST10535,4,77.88
ST10536,1,66.23
ST10536,2,100.0
ST10536,3,79.39
ST10536,4,86.45
ST10537,1,79.18
ST10537,2,78.64
ST10537,3,73.28
ST10537,4,62.12
ST10538,1,69.83
ST10538,2,73.17
ST10538,3,71.26
ST10538,4,71.61
ST10539,1,93.06
ST10539,2,71.0
ST10539,3,90.74
ST10539,4,95.69
ST10540,1,75.8
ST10540,2,77.18
ST10540,3,89.96
ST10540,4,83.54
ST10541,1,77.82
ST10541,2,77.61
ST10541,3,82.82
ST10541,4,75.79
ST10542,1,82.37
ST10542,2,75.93
ST10542,3,81.73
ST10542,4,61.82
ST10543,1,86.61
ST10543,2,67.65
ST10543,3,85.34
ST10543,4,94.37
ST10544,1,87.79
ST10544,2,87.42
ST10544,3,82.84
ST10544,4,74.12
ST10545,1,95.2
ST10545,2,79.41
ST10545,3,83.84
ST10545,4,89.38
ST10546,1,76.13
ST10546,2,94.97
ST10546,3,87.43
ST10546,4,92.92
ST10547,1,79.05
ST10547,2,87.63
ST10547,3,82.58
ST10547,4,60.0
ST10548,1,74.4
ST10548,2,78.19
ST10548,3,84.7
ST10548,4,72.77
ST10549,1,77.49
ST10549,2,79.96
ST10549,3,85.05
ST10549,4,64.87
ST10550,1,84.95
ST10550,2,80.03
ST10550,3,78.67
ST10550,4,58.33
ST10551,1,93.6
ST10551,2,96.41
ST10551,3,71.35
ST10551,4,85.5
ST10552,1,90.26
ST10552,2,86.23
ST10552,3,66.27
ST10552,4,73.9
ST10553,1,80.41
ST10553,2,87.83
ST10553,3,80.88
ST10553,4,73.06
ST10554,1,84.86
ST10554,2,64.79
ST10554,3,92.62
ST10554,4,100.0
ST10555,1,78.47
ST10555,2,62.36
ST10555,3,88.44
ST10555,4,81.19
ST10556,1,89.25
ST10556,2,62.1
ST10556,3,90.21
ST10556,4,73.86
ST10557,1,74.24
ST10557,2,80.72
ST10557,3,83.48
ST10557,4,74.94
ST10558,1,79.58
ST10558,2,74.72
ST10558,3,95.15
ST10558,4,90.06
ST10559,1,77.72
ST10559,2,74.51
ST10559,3,87.36
ST10559,4,70.68
ST10560,1,74.23
ST10560,2,71.88
ST10560,3,93.72
ST10560,4,73.91
ST10561,1,100.0
ST10561,2,77.21
ST10561,3,63.61
ST10561,4,80.93
ST10562,1,87.4
ST10562,2,79.41
ST10562,3,86.37
ST10562,4,88.12
ST10563,1,65.8
ST10563,2,87.62
ST10563,3,80.39
ST10563,4,82.91
ST10564,1,83.93
ST10564,2,100.0
ST10564,3,75.7
ST10564,4,93.77
ST10565,1,70.58
ST10565,2,78.76
ST10565,3,89.15
ST10565,4,59.56
ST10566,1,78.06
ST10566,2,80.71
ST10566,3,76.53
ST10566,4,77.8
ST10567,1,80.56
ST10567,2,71.0
ST10567,3,86.96
ST10567,4,82.06
ST10568,1,81.65
ST10568,2,86.33
ST10568,3,98.56
ST10568,4,84.31
ST10569,1,87.02
ST10569,2,78.65
ST10569,3,74.54
ST10569,4,73.18
ST10570,1,100.0
ST10570,2,90.42
ST10570,3,80.96
ST10570,4,80.99
ST10571,1,85.09
ST10571,2,93.78
ST10571,3,95.41
ST10571,4,78.65
ST10572,1,84.49
ST10572,2,75.37
ST10572,3,86.17
ST10572,4,81.15
ST10573,1,87.48
ST10573,2,87.79
ST10573,3,69.1
ST10573,4,75.58
ST10574,1,79.83
ST10574,2,90.89
ST10574,3,77.67
ST10574,4,87.69
ST10575,1,79.11
ST10575,2,83.74
ST10575,3,82.75
ST10575,4,72.4
ST10576,1,87.52
ST10576,2,77.75
ST10576,3,98.35
ST10576,4,91.23
ST10577,1,91.15
ST10577,2,93.31
ST10577,3,83.85
ST10577,4,92.68
ST10578,1,88.41
ST10578,2,88.78
ST10578,3,86.72
ST10578,4,75.22
ST10579,1,80.82
ST10579,2,80.95
ST10579,3,98.49
ST10579,4,100.0
ST10580,1,88.16
ST10580,2,77.48
ST10580,3,75.25
ST10580,4,88.95
ST10581,1,100.0
ST10581,2,81.39
ST10581,3,83.35
ST10581,4,92.39
ST10582,1,89.76
ST10582,2,80.97
ST10582,3,70.16
ST10582,4,85.38
ST10583,1,79.08
ST10583,2,72.07
ST10583,3,86.13
ST10583,4,71.79
ST10584,1,90.26
ST10584,2,79.55
ST10584,3,95.98
ST10584,4,71.5
ST10585,1,97.33
ST10585,2,63.09
ST10585,3,89.46
ST10585,4,70.08
ST10586,1,71.93
ST10586,2,79.3
ST10586,3,79.84
ST10586,4,91.63
ST10587,1,80.41
ST10587,2,76.37
ST10587,3,80.94
ST10587,4,81.5
ST10588,1,77.51
ST10588,2,81.72
ST10588,3,79.54
ST10588,4,89.25
ST10589,1,83.31
ST10589,2,71.89
ST10589,3,79.93
ST10589,4,87.68
ST10590,1,90.81
ST10590,2,89.2
ST10590,3,78.61
ST10590,4,92.72
ST10591,1,85.07
ST10591,2,92.62
ST10591,3,82.5
ST10591,4,76.58
ST10592,1,76.6
ST10592,2,84.51
ST10592,3,68.62
ST10592,4,78.75
ST10593,1,82.86
ST10593,2,90.81
ST10593,3,91.15
ST10593,4,84.8
ST10594,1,84.13
ST10594,2,92.54
ST10594,3,81.24
ST10594,4,97.76
ST10595,1,93.0
ST10595,2,81.39
ST10595,3,75.68
ST10595,4,93.17
ST10596,1,58.12
ST10596,2,73.89
ST10596,3,66.83
ST10596,4,74.48
ST10597,1,86.58
ST10597,2,65.39
ST10597,3,88.89
ST10597,4,90.99
ST10598,1,81.6
ST10598,2,71.8
ST10598,3,90.01
ST10598,4,77.91
ST10599,1,94.53
ST10599,2,54.52
ST10599,3,67.4
ST10599,4,86.49
ST10600,1,80.75
ST10600,2,95.92
ST10600,3,84.0
ST10600,4,82.17
ST10601,1,78.53
ST10601,2,99.35
ST10601,3,87.18
ST10601,4,86.71
ST10602,1,80.53
ST10602,2,80.56
ST10602,3,88.16
ST10602,4,87.85
ST10603,1,78.29
ST10603,2,91.73
ST10603,3,78.17
ST10603,4,100.0
ST10604,1,74.55
ST10604,2,74.78
ST10604,3,91.47
ST10604,4,83.71
ST10605,1,82.72
ST10605,2,75.75
ST10605,3,84.03
ST10605,4,79.7
ST10606,1,84.82
ST10606,2,78.33
ST10606,3,87.56
ST10606,4,62.87
ST10607,1,83.41
ST10607,2,84.04
ST10607,3,60.58
ST10607,4,87.88
ST10608,1,67.4
ST10608,2,73.67
ST10608,3,90.09
ST10608,4,69.95
ST10609,1,92.58
ST10609,2,73.48
ST10609,3,68.93
ST10609,4,85.71
ST10610,1,91.58
ST10610,2,80.87
ST10610,3,73.91
ST10610,4,84.23
ST10611,1,91.79
ST10611,2,70.89
ST10611,3,63.42
ST10611,4,91.06
ST10612,1,74.5
ST10612,2,76.68
ST10612,3,75.84
ST10612,4,80.1
ST10613,1,86.73
ST10613,2,70.91
ST10613,3,77.85
ST10613,4,82.77
ST10614,1,91.14
ST10614,2,88.81
ST10614,3,80.16
ST10614,4,82.0
ST10615,1,82.63
ST10615,2,88.33
ST10615,3,95.35
ST10615,4,87.61
ST10616,1,65.96
ST10616,2,81.93
ST10616,3,79.01
ST10616,4,78.3
ST10617,1,100.0
ST10617,2,72.47
ST10617,3,88.6
ST10617,4,63.13
ST10618,1,73.49
ST10618,2,95.86
ST10618,3,80.1
ST10618,4,82.45
ST10619,1,76.35
ST10619,2,87.08
ST10619,3,96.11
ST10619,4,63.24
ST10620,1,94.49
ST10620,2,93.0
ST10620,3,99.7
ST10620,4,86.77
ST10621,1,94.87
ST10621,2,68.03
ST10621,3,75.91
ST10621,4,84.08
ST10622,1,78.12
ST10622,2,78.21
ST10622,3,63.38
ST10622,4,79.52
ST10623,1,66.56
ST10623,2,88.9
ST10623,3,78.32
ST10623,4,77.37
ST10624,1,100.0
ST10624,2,86.36
ST10624,3,92.7
ST10624,4,100.0
ST10625,1,81.87
ST10625,2,71.43
ST10625,3,80.75
ST10625,4,88.27
ST10626,1,63.48
ST10626,2,87.78
ST10626,3,70.13
ST10626,4,77.14
ST10627,1,91.53
ST10627,2,80.99
ST10627,3,85.55
ST10627,4,88.37
ST10628,1,84.4
ST10628,2,98.61
ST10628,3,91.25
ST10628,4,90.79
ST10629,1,82.96
ST10629,2,85.4
ST10629,3,73.48
ST10629,4,91.92
ST10630,1,80.34
ST10630,2,76.66
ST10630,3,88.43
ST10630,4,65.02
ST10631,1,73.31
ST10631,2,80.73
ST10631,3,98.72
ST10631,4,84.4
ST10632,1,77.52
ST10632,2,81.45
ST10632,3,66.71
ST10632,4,65.69
ST10633,1,83.82
ST10633,2,86.4
ST10633,3,65.41
ST10633,4,79.3
ST10634,1,81.82
ST10634,2,87.74
ST10634,3,77.14
ST10634,4,91.26
ST10635,1,84.16
ST10635,2,79.07
ST10635,3,74.35
ST10635,4,95.91
ST10636,1,81.58
ST10636,2,71.54
ST10636,3,92.84
ST10636,4,75.93
ST10637,1,84.25
ST10637,2,64.88
ST10637,3,66.84
ST10637,4,100.0
ST10638,1,75.93
ST10638,2,65.79
ST10638,3,68.22
ST10638,4,80.56
ST10639,1,74.92
ST10639,2,84.14
ST10639,3,65.11
ST10639,4,75.23
ST10640,1,68.33
ST10640,2,81.07
ST10640,3,77.68
ST10640,4,80.27
ST10641,1,75.99
ST10641,2,94.25
ST10641,3,94.56
ST10641,4,72.33
ST10642,1,94.95
ST10642,2,78.23
ST10642,3,86.83
ST10642,4,67.46
ST10643,1,87.0
ST10643,2,69.42
ST10643,3,88.29
ST10643,4,100.0
ST10644,1,87.04
ST10644,2,95.88
ST10644,3,73.4
ST10644,4,100.0
ST10645,1,70.7
ST10645,2,83.18
ST10645,3,92.98
ST10645,4,70.44
ST10646,1,85.69
ST10646,2,83.18
ST10646,3,88.25
ST10646,4,79.71
ST10647,1,80.7
ST10647,2,87.25
ST10647,3,86.71
ST10647,4,54.51
ST10648,1,79.79
ST10648,2,82.26
ST10648,3,56.88
ST10648,4,70.82
ST10649,1,53.36
ST10649,2,59.19
ST10649,3,91.99
ST10649,4,73.96
ST10650,1,83.46
ST10650,2,73.68
ST10650,3,84.91
ST10650,4,80.2
ST10651,1,84.42
ST10651,2,89.47
ST10651,3,81.27
ST10651,4,95.13
ST10652,1,84.39
ST10652,2,80.14
ST10652,3,94.42
ST10652,4,81.17
ST10653,1,69.94
ST10653,2,77.59
ST10653,3,91.84
ST10653,4,92.16
ST10654,1,71.9
ST10654,2,89.56
ST10654,3,90.67
ST10654,4,68.49
ST10655,1,69.86
ST10655,2,85.21
ST10655,3,73.28
ST10655,4,87.36
ST10656,1,91.86
ST10656,2,79.7
ST10656,3,87.35
ST10656,4,71.2
ST10657,1,82.36
ST10657,2,91.04
ST10657,3,77.83
ST10657,4,80.97
ST10658,1,100.0
ST10658,2,88.01
ST10658,3,73.03
ST10658,4,77.75
ST10659,1,69.74
ST10659,2,68.91
ST10659,3,80.56
ST10659,4,67.38
ST10660,1,100.0
ST10660,2,87.86
ST10660,3,88.08
ST10660,4,82.57
ST10661,1,93.88
ST10661,2,82.49
ST10661,3,94.83
ST10661,4,98.94
ST10662,1,85.05
ST10662,2,67.1
ST10662,3,78.07
ST10662,4,84.03
ST10663,1,80.27
ST10663,2,85.35
ST10663,3,74.81
ST10663,4,81.65
ST10664,1,69.95
ST10664,2,85.3
ST10664,3,77.61
ST10664,4,62.45
ST10665,1,84.05
ST10665,2,78.74
ST10665,3,70.9
ST10665,4,78.66
ST10666,1,89.28
ST10666,2,75.59
ST10666,3,84.56
ST10666,4,68.97
ST10667,1,65.94
ST10667,2,69.36
ST10667,3,77.44
ST10667,4,85.8
ST10668,1,80.71
ST10668,2,100.0
ST10668,3,75.83
ST10668,4,77.18
ST10669,1,91.32
ST10669,2,85.26
ST10669,3,80.53
ST10669,4,75.44
ST10670,1,97.11
ST10670,2,88.97
ST10670,3,67.8
ST10670,4,91.19
ST10671,1,80.87
ST10671,2,70.07
ST10671,3,82.37
ST10671,4,69.1
ST10672,1,64.18
ST10672,2,77.55
ST10672,3,77.58
ST10672,4,77.0
ST10673,1,89.45
ST10673,2,69.43
ST10673,3,79.63
ST10673,4,81.88
ST10674,1,86.92
ST10674,2,69.94
ST10674,3,56.52
ST10674,4,82.8
ST10675,1,68.8
ST10675,2,98.61
ST10675,3,83.02
ST10675,4,94.27
ST10676,1,97.96
ST10676,2,90.95
ST10676,3,88.04
ST10676,4,89.05
ST10677,1,87.69
ST10677,2,65.87
ST10677,3,88.74
ST10677,4,60.79
ST10678,1,94.51
ST10678,2,85.22
ST10678,3,100.0
ST10678,4,92.43
ST10679,1,73.38
ST10679,2,89.45
ST10679,3,72.76
ST10679,4,93.48
ST10680,1,76.17
ST10680,2,76.47
ST10680,3,93.28
ST10680,4,74.23
ST10681,1,71.04
ST10681,2,86.29
ST10681,3,66.67
ST10681,4,79.98
ST10682,1,87.87
ST10682,2,67.7
ST10682,3,82.57
ST10682,4,80.36
ST10683,1,75.42
ST10683,2,68.69
ST10683,3,75.22
ST10683,4,83.67
ST10684,1,96.82
ST10684,2,88.89
ST10684,3,84.82
ST10684,4,85.41
ST10685,1,65.25
ST10685,2,84.88
ST10685,3,85.97
ST10685,4,64.5
ST10686,1,71.43
ST10686,2,72.64
ST10686,3,87.18
ST10686,4,78.68
ST10687,1,78.78
ST10687,2,75.81
ST10687,3,84.26
ST10687,4,84.35
ST10688,1,82.89
ST10688,2,77.23
ST10688,3,88.62
ST10688,4,98.19
ST10689,1,90.05
ST10689,2,75.36
ST10689,3,88.46
ST10689,4,71.51
ST10690,1,75.06
ST10690,2,79.29
ST10690,3,100.0
ST10690,4,88.45
ST10691,1,78.24
ST10691,2,72.74
ST10691,3,96.32
ST10691,4,86.78
ST10692,1,75.68
ST10692,2,61.84
ST10692,3,86.95
ST10692,4,82.91
ST10693,1,70.07
ST10693,2,95.9
ST10693,3,81.24
ST10693,4,80.62
ST10694,1,83.77
ST10694,2,77.88
ST10694,3,91.76
ST10694,4,87.76
ST10695,1,77.21
ST10695,2,93.15
ST10695,3,86.9
ST10695,4,68.45
ST10696,1,88.18
ST10696,2,88.58
ST10696,3,80.29
ST10696,4,92.07
ST10697,1,81.95
ST10697,2,66.8
ST10697,3,78.64
ST10697,4,85.21
ST10698,1,74.83
ST10698,2,90.4
ST10698,3,92.39
ST10698,4,100.0
ST10699,1,95.04
ST10699,2,83.42
ST10699,3,82.42
ST10699,4,77.22
ST10700,1,84.97
ST10700,2,93.79
ST10700,3,68.56
ST10700,4,85.29
ST10701,1,79.38
ST10701,2,86.35
ST10701,3,90.86
ST10701,4,66.86
ST10702,1,96.13
ST10702,2,91.08
ST10702,3,91.9
ST10702,4,72.94
ST10703,1,68.76
ST10703,2,87.15
ST10703,3,69.0
ST10703,4,79.88
ST10704,1,61.14
ST10704,2,78.79
ST10704,3,79.29
ST10704,4,76.91
ST10705,1,76.4
ST10705,2,93.98
ST10705,3,76.37
ST10705,4,63.1
ST10706,1,85.36
ST10706,2,68.65
ST10706,3,70.82
ST10706,4,83.18
ST10707,1,82.26
ST10707,2,81.98
ST10707,3,94.27
ST10707,4,82.35
ST10708,1,79.29
ST10708,2,55.42
ST10708,3,68.38
ST10708,4,84.33
ST10709,1,76.0
ST10709,2,82.58
ST10709,3,68.39
ST10709,4,68.51
ST10710,1,93.26
ST10710,2,84.27
ST10710,3,83.44
ST10710,4,81.55
ST10711,1,77.47
ST10711,2,79.95
ST10711,3,84.24
ST10711,4,66.53
ST10712,1,75.19
ST10712,2,88.05
ST10712,3,93.21
ST10712,4,82.03
ST10713,1,75.28
ST10713,2,88.81
ST10713,3,88.17
ST10713,4,80.03
ST10714,1,97.79
ST10714,2,100.0
ST10714,3,72.77
ST10714,4,85.37
ST10715,1,99.4
ST10715,2,74.33
ST10715,3,80.94
ST10715,4,91.09
ST10716,1,81.0
ST10716,2,82.64
ST10716,3,73.4
ST10716,4,80.2
ST10717,1,88.41
ST10717,2,92.44
ST10717,3,89.21
ST10717,4,77.14
ST10718,1,79.28
ST10718,2,96.02
ST10718,3,87.35
ST10718,4,79.65
ST10719,1,67.01
ST10719,2,76.06
ST10719,3,78.03
ST10719,4,77.41
ST10720,1,80.58
ST10720,2,84.53
ST10720,3,91.83
ST10720,4,83.53
ST10721,1,80.13
ST10721,2,70.37
ST10721,3,76.84
ST10721,4,59.42
ST10722,1,89.32
ST10722,2,75.55
ST10722,3,74.99
ST10722,4,78.48
ST10723,1,100.0
ST10723,2,84.83
ST10723,3,78.71
ST10723,4,89.17
ST10724,1,64.55
ST10724,2,100.0
ST10724,3,87.04
ST10724,4,80.72
ST10725,1,76.42
ST10725,2,85.0
ST10725,3,95.67
ST10725,4,84.51
ST10726,1,90.45
ST10726,2,68.57
ST10726,3,65.26
ST10726,4,72.71
ST10727,1,94.11
ST10727,2,85.33
ST10727,3,100.0
ST10727,4,81.12
ST10728,1,80.04
ST10728,2,82.91
ST10728,3,83.35
ST10728,4,66.86
ST10729,1,65.61
ST10729,2,79.89
ST10729,3,100.0
ST10729,4,69.46
ST10730,1,80.18
ST10730,2,95.25
ST10730,3,95.02
ST10730,4,79.11
ST10731,1,92.31
ST10731,2,73.75
ST10731,3,74.67
ST10731,4,93.0
ST10732,1,73.34
ST10732,2,72.25
ST10732,3,76.42
ST10732,4,77.36
ST10733,1,72.77
ST10733,2,88.49
ST10733,3,89.27
ST10733,4,82.53
ST10734,1,75.7
ST10734,2,84.69
ST10734,3,88.21
ST10734,4,73.81
ST10735,1,88.79
ST10735,2,96.34
ST10735,3,85.01
ST10735,4,81.63
ST10736,1,91.98
ST10736,2,81.08
ST10736,3,100.0
ST10736,4,79.56
ST10737,1,76.67
ST10737,2,96.0
ST10737,3,78.02
ST10737,4,87.39
ST10738,1,71.5
ST10738,2,78.51
ST10738,3,87.09
ST10738,4,76.99
ST10739,1,91.17
ST10739,2,63.38
ST10739,3,72.52
ST10739,4,87.81
ST10740,1,81.1
ST10740,2,57.62
ST10740,3,81.6
ST10740,4,88.82
ST10741,1,64.72
ST10741,2,75.25
ST10741,3,60.58
ST10741,4,76.36
ST10742,1,73.36
ST10742,2,73.15
ST10742,3,94.2
ST10742,4,67.51
ST10743,1,82.08
ST10743,2,82.31
ST10743,3,68.86
ST10743,4,81.44
ST10744,1,76.95
ST10744,2,88.24
ST10744,3,66.84
ST10744,4,62.15
ST10745,1,81.55
ST10745,2,90.26
ST10745,3,75.74
ST10745,4,57.82
ST10746,1,94.4
ST10746,2,92.47
ST10746,3,77.9
ST10746,4,71.9
ST10747,1,85.56
ST10747,2,59.7
ST10747,3,88.77
ST10747,4,97.52
ST10748,1,88.7
ST10748,2,76.83
ST10748,3,87.92
ST10748,4,77.06
ST10749,1,77.87
ST10749,2,74.85
ST10749,3,71.11
ST10749,4,89.15
ST10750,1,94.93
ST10750,2,77.89
ST10750,3,79.81
ST10750,4,70.54
ST10751,1,76.53
ST10751,2,85.76
ST10751,3,92.06
ST10751,4,82.33
ST10752,1,84.65
ST10752,2,82.83
ST10752,3,76.15
ST10752,4,64.75
ST10753,1,87.85
ST10753,2,86.18
ST10753,3,80.55
ST10753,4,81.25
ST10754,1,89.68
ST10754,2,72.3
ST10754,3,78.76
ST10754,4,83.77
ST10755,1,88.1
ST10755,2,74.92
ST10755,3,79.01
ST10755,4,90.51
ST10756,1,84.75
ST10756,2,80.03
ST10756,3,100.0
ST10756,4,85.99
ST10757,1,91.48
ST10757,2,76.31
ST10757,3,90.89
ST10757,4,78.37
ST10758,1,90.65
ST10758,2,84.02
ST10758,3,79.39
ST10758,4,96.44
ST10759,1,89.89
ST10759,2,83.95
ST10759,3,70.52
ST10759,4,67.25
ST10760,1,75.02
ST10760,2,96.2
ST10760,3,84.39
ST10760,4,89.93
ST10761,1,75.68
ST10761,2,69.32
ST10761,3,82.75
ST10761,4,99.9
ST10762,1,75.21
ST10762,2,59.15
ST10762,3,64.04
ST10762,4,83.03
ST10763,1,66.65
ST10763,2,73.53
ST10763,3,80.45
ST10763,4,57.21
ST10764,1,89.61
ST10764,2,66.83
ST10764,3,70.96
ST10764,4,73.28
ST10765,1,71.05
ST10765,2,92.71
ST10765,3,94.42
ST10765,4,76.98
ST10766,1,83.53
ST10766,2,76.14
ST10766,3,70.73
ST10766,4,71.64
ST10767,1,66.49
ST10767,2,70.81
ST10767,3,94.06
ST10767,4,67.63
ST10768,1,49.37
ST10768,2,76.3
ST10768,3,65.03
ST10768,4,81.63
ST10769,1,87.86
ST10769,2,83.15
ST10769,3,78.12
ST10769,4,77.32
ST10770,1,79.8
ST10770,2,77.45
ST10770,3,87.7
ST10770,4,100.0
ST10771,1,85.15
ST10771,2,69.51
ST10771,3,85.4
ST10771,4,100.0
ST10772,1,80.16
ST10772,2,90.09
ST10772,3,77.32
ST10772,4,75.74
ST10773,1,79.56
ST10773,2,69.22
ST10773,3,79.35
ST10773,4,88.59
ST10774,1,85.68
ST10774,2,99.04
ST10774,3,89.89
ST10774,4,76.47
ST10775,1,98.24
ST10775,2,78.85
ST10775,3,51.0
ST10775,4,75.64
ST10776,1,74.2
ST10776,2,95.86
ST10776,3,79.59
ST10776,4,81.19
ST10777,1,81.86
ST10777,2,71.25
ST10777,3,86.23
ST10777,4,75.4
ST10778,1,85.18
ST10778,2,70.3
ST10778,3,78.65
ST10778,4,79.42
ST10779,1,81.58
ST10779,2,96.06
ST10779,3,77.62
ST10779,4,61.22
ST10780,1,87.98
ST10780,2,84.11
ST10780,3,64.42
ST10780,4,74.84
ST10781,1,86.09
ST10781,2,77.44
ST10781,3,70.11
ST10781,4,88.39
ST10782,1,83.39
ST10782,2,56.4
ST10782,3,100.0
ST10782,4,68.45
ST10783,1,75.56
ST10783,2,72.63
ST10783,3,88.48
ST10783,4,88.67
ST10784,1,89.58
ST10784,2,53.73
ST10784,3,72.73
ST10784,4,93.11
ST10785,1,92.69
ST10785,2,85.09
ST10785,3,56.23
ST10785,4,80.41
ST10786,1,57.75
ST10786,2,77.51
ST10786,3,90.03
ST10786,4,85.71
ST10787,1,85.0
ST10787,2,91.66
ST10787,3,59.25
ST10787,4,69.17
ST10788,1,80.79
ST10788,2,72.34
ST10788,3,74.95
ST10788,4,80.54
ST10789,1,75.52
ST10789,2,65.52
ST10789,3,83.82
ST10789,4,66.34
ST10790,1,80.18
ST10790,2,71.8
ST10790,3,76.74
ST10790,4,75.99
ST10791,1,75.64
ST10791,2,80.83
ST10791,3,74.78
ST10791,4,80.37
ST10792,1,78.7
ST10792,2,93.25
ST10792,3,73.71
ST10792,4,79.13
ST10793,1,80.83
ST10793,2,73.83
ST10793,3,83.18
ST10793,4,85.01
ST10794,1,84.72
ST10794,2,84.45
ST10794,3,84.45
ST10794,4,73.44
ST10795,1,84.71
ST10795,2,74.29
ST10795,3,81.18
ST10795,4,73.42
ST10796,1,77.54
ST10796,2,72.94
ST10796,3,75.87
ST10796,4,72.56
ST10797,1,87.13
ST10797,2,75.97
ST10797,3,78.43
ST10797,4,70.23
ST10798,1,82.46
ST10798,2,94.82
ST10798,3,91.08
ST10798,4,78.84
ST10799,1,70.51
ST10799,2,60.5
ST10799,3,56.56
ST10799,4,72.03
ST10800,1,68.27
ST10800,2,100.0
ST10800,3,85.98
ST10800,4,79.39
ST10801,1,87.98
ST10801,2,74.48
ST10801,3,66.14
ST10801,4,72.73
ST10802,1,82.99
ST10802,2,69.92
ST10802,3,82.73
ST10802,4,83.22
ST10803,1,86.57
ST10803,2,90.42
ST10803,3,78.17
ST10803,4,71.62
ST10804,1,98.62
ST10804,2,78.47
ST10804,3,83.04
ST10804,4,63.35
ST10805,1,94.44
ST10805,2,86.1
ST10805,3,89.69
ST10805,4,87.33
ST10806,1,86.49
ST10806,2,90.79
ST10806,3,89.26
ST10806,4,71.46
ST10807,1,78.99
ST10807,2,80.44
ST10807,3,92.96
ST10807,4,99.17
ST10808,1,73.23
ST10808,2,92.01
ST10808,3,86.72
ST10808,4,88.12
ST10809,1,93.32
ST10809,2,78.24
ST10809,3,67.57
ST10809,4,76.53
ST10810,1,77.5
ST10810,2,89.27
ST10810,3,71.85
ST10810,4,66.58
ST10811,1,83.77
ST10811,2,83.88
ST10811,3,78.66
ST10811,4,89.64
ST10812,1,89.47
ST10812,2,64.23
ST10812,3,80.69
ST10812,4,64.02
ST10813,1,82.29
ST10813,2,83.83
ST10813,3,68.01
ST10813,4,82.96
ST10814,1,82.65
ST10814,2,61.86
ST10814,3,86.38
ST10814,4,66.67
ST10815,1,73.97
ST10815,2,67.41
ST10815,3,83.04
ST10815,4,65.65
ST10816,1,71.09
ST10816,2,80.68
ST10816,3,77.16
ST10816,4,77.65
ST10817,1,100.0
ST10817,2,93.97
ST10817,3,77.41
ST10817,4,87.79
ST10818,1,82.8
ST10818,2,73.14
ST10818,3,85.57
ST10818,4,88.56
ST10819,1,76.74
ST10819,2,97.5
ST10819,3,83.13
ST10819,4,98.15
ST10820,1,73.91
ST10820,2,87.75
ST10820,3,83.96
ST10820,4,76.12
ST10821,1,81.68
ST10821,2,74.84
ST10821,3,81.0
ST10821,4,70.2
ST10822,1,83.76
ST10822,2,70.43
ST10822,3,89.66
ST10822,4,78.29
ST10823,1,66.11
ST10823,2,97.46
ST10823,3,79.32
ST10823,4,76.23
ST10824,1,90.66
ST10824,2,95.92
ST10824,3,78.61
ST10824,4,69.65
ST10825,1,77.15
ST10825,2,69.03
ST10825,3,74.43
ST10825,4,83.09
ST10826,1,97.29
ST10826,2,97.45
ST10826,3,91.4
ST10826,4,95.66
ST10827,1,57.23
ST10827,2,85.69
ST10827,3,89.62
ST10827,4,75.0
ST10828,1,78.53
ST10828,2,75.56
ST10828,3,92.19
ST10828,4,81.65
ST10829,1,96.14
ST10829,2,85.3
ST10829,3,65.95
ST10829,4,86.06
ST10830,1,85.38
ST10830,2,59.3
ST10830,3,90.84
ST10830,4,86.22
ST10831,1,60.26
ST10831,2,69.06
ST10831,3,76.14
ST10831,4,76.18
ST10832,1,91.79
ST10832,2,64.14
ST10832,3,82.38
ST10832,4,75.92
ST10833,1,91.05
ST10833,2,76.7
ST10833,3,92.55
ST10833,4,74.59
ST10834,1,83.35
ST10834,2,99.32
ST10834,3,79.49
ST10834,4,79.43
ST10835,1,73.61
ST10835,2,76.96
ST10835,3,97.58
ST10835,4,84.53
ST10836,1,77.36
ST10836,2,79.12
ST10836,3,65.73
ST10836,4,93.72
ST10837,1,65.09
ST10837,2,99.29
ST10837,3,83.2
ST10837,4,75.3
ST10838,1,59.98
ST10838,2,75.4
ST10838,3,68.7
ST10838,4,64.8
ST10839,1,82.21
ST10839,2,87.5
ST10839,3,84.37
ST10839,4,86.87
ST10840,1,89.85
ST10840,2,53.93
ST10840,3,68.36
ST10840,4,86.27
ST10841,1,81.19
ST10841,2,81.23
ST10841,3,87.51
ST10841,4,85.82
ST10842,1,87.27
ST10842,2,67.63
ST10842,3,81.71
ST10842,4,78.39
ST10843,1,79.95
ST10843,2,93.65
ST10843,3,83.45
ST10843,4,81.77
ST10844,1,80.96
ST10844,2,73.83
ST10844,3,70.81
ST10844,4,77.65
ST10845,1,98.02
ST10845,2,82.73
ST10845,3,83.56
ST10845,4,74.45
ST10846,1,80.33
ST10846,2,90.38
ST10846,3,86.16
ST10846,4,82.17
ST10847,1,72.29
ST10847,2,65.43
ST10847,3,79.07
ST10847,4,72.41
ST10848,1,95.83
ST10848,2,79.05
ST10848,3,75.74
ST10848,4,75.69
ST10849,1,86.5
ST10849,2,96.09
ST10849,3,62.32
ST10849,4,82.33
ST10850,1,67.41
ST10850,2,52.36
ST10850,3,72.49
ST10850,4,82.99
ST10851,1,70.9
ST10851,2,87.52
ST10851,3,72.64
ST10851,4,68.4
ST10852,1,84.74
ST10852,2,73.56
ST10852,3,75.0
ST10852,4,70.59
ST10853,1,90.81
ST10853,2,75.81
ST10853,3,74.58
ST10853,4,84.89
ST10854,1,80.5
ST10854,2,63.5
ST10854,3,93.09
ST10854,4,89.25
ST10855,1,87.92
ST10855,2,85.45
ST10855,3,77.15
ST10855,4,73.14
ST10856,1,66.35
ST10856,2,91.19
ST10856,3,80.44
ST10856,4,100.0
ST10857,1,81.85
ST10857,2,90.11
ST10857,3,94.0
ST10857,4,83.72
ST10858,1,78.33
ST10858,2,60.1
ST10858,3,70.03
ST10858,4,70.78
ST10859,1,73.7
ST10859,2,96.46
ST10859,3,80.53
ST10859,4,87.38
ST10860,1,83.47
ST10860,2,64.62
ST10860,3,80.55
ST10860,4,94.94
ST10861,1,70.8
ST10861,2,91.12
ST10861,3,86.39
ST10861,4,78.94
ST10862,1,63.24
ST10862,2,100.0
ST10862,3,76.35
ST10862,4,100.0
ST10863,1,90.47
ST10863,2,76.72
ST10863,3,87.63
ST10863,4,63.5
ST10864,1,83.96
ST10864,2,100.0
ST10864,3,66.89
ST10864,4,77.55
ST10865,1,82.16
ST10865,2,88.7
ST10865,3,94.9
ST10865,4,72.11
ST10866,1,97.33
ST10866,2,84.31
ST10866,3,84.41
ST10866,4,82.23
ST10867,1,92.31
ST10867,2,74.77
ST10867,3,74.7
ST10867,4,74.55
ST10868,1,77.67
ST10868,2,85.31
ST10868,3,78.1
ST10868,4,81.07
ST10869,1,89.06
ST10869,2,73.27
ST10869,3,76.1
ST10869,4,64.44
ST10870,1,90.5
ST10870,2,68.94
ST10870,3,89.58
ST10870,4,87.29
ST10871,1,87.79
ST10871,2,79.95
ST10871,3,100.0
ST10871,4,100.0
ST10872,1,81.58
ST10872,2,76.68
ST10872,3,100.0
ST10872,4,66.42
ST10873,1,86.31
ST10873,2,83.53
ST10873,3,83.78
ST10873,4,76.79
ST10874,1,84.87
ST10874,2,70.89
ST10874,3,100.0
ST10874,4,57.85
ST10875,1,78.88
ST10875,2,64.42
ST10875,3,61.06
ST10875,4,68.59
ST10876,1,88.76
ST10876,2,99.03
ST10876,3,78.68
ST10876,4,99.69
ST10877,1,74.61
ST10877,2,88.6
ST10877,3,81.4
ST10877,4,71.65
ST10878,1,61.08
ST10878,2,68.94
ST10878,3,91.85
ST10878,4,98.47
ST10879,1,92.07
ST10879,2,100.0
ST10879,3,80.31
ST10879,4,83.68
ST10880,1,75.36
ST10880,2,71.48
ST10880,3,87.69
ST10880,4,75.44
ST10881,1,94.71
ST10881,2,83.02
ST10881,3,76.51
ST10881,4,90.04
ST10882,1,75.88
ST10882,2,85.25
ST10882,3,86.25
ST10882,4,87.77
ST10883,1,97.25
ST10883,2,81.13
ST10883,3,96.52
ST10883,4,80.46
ST10884,1,89.41
ST10884,2,73.04
ST10884,3,88.54
ST10884,4,62.24
ST10885,1,85.76
ST10885,2,68.45
ST10885,3,79.15
ST10885,4,98.49
ST10886,1,82.64
ST10886,2,100.0
ST10886,3,79.73
ST10886,4,65.94
ST10887,1,75.36
ST10887,2,86.22
ST10887,3,78.53
ST10887,4,67.29
ST10888,1,84.36
ST10888,2,72.09
ST10888,3,69.28
ST10888,4,81.86
ST10889,1,76.71
ST10889,2,87.68
ST10889,3,64.89
ST10889,4,79.39
ST10890,1,89.9
ST10890,2,95.31
ST10890,3,99.43
ST10890,4,86.5
ST10891,1,72.29
ST10891,2,90.9
ST10891,3,80.46
ST10891,4,85.25
ST10892,1,69.86
ST10892,2,90.95
ST10892,3,73.29
ST10892,4,86.42
ST10893,1,65.62
ST10893,2,74.42
ST10893,3,75.6
ST10893,4,94.11
ST10894,1,81.41
ST10894,2,94.42
ST10894,3,86.89
ST10894,4,77.18
ST10895,1,66.62
ST10895,2,72.45
ST10895,3,76.87
ST10895,4,92.13
ST10896,1,87.91
ST10896,2,87.75
ST10896,3,71.58
ST10896,4,93.26
ST10897,1,82.7
ST10897,2,85.49
ST10897,3,88.08
ST10897,4,87.1
ST10898,1,86.52
ST10898,2,67.1
ST10898,3,74.01
ST10898,4,88.64
ST10899,1,90.42
ST10899,2,68.5
ST10899,3,79.67
ST10899,4,68.39
ST10900,1,83.87
ST10900,2,95.46
ST10900,3,83.32
ST10900,4,89.5
ST10901,1,96.17
ST10901,2,83.01
ST10901,3,74.34
ST10901,4,95.64
ST10902,1,86.1
ST10902,2,72.0
ST10902,3,70.25
ST10902,4,100.0
ST10903,1,87.29
ST10903,2,77.15
ST10903,3,64.48
ST10903,4,87.7
ST10904,1,66.64
ST10904,2,70.31
ST10904,3,82.31
ST10904,4,95.48
ST10905,1,88.82
ST10905,2,81.33
ST10905,3,90.04
ST10905,4,76.24
ST10906,1,78.82
ST10906,2,100.0
ST10906,3,80.32
ST10906,4,79.62
ST10907,1,84.42
ST10907,2,74.46
ST10907,3,81.84
ST10907,4,62.4
ST10908,1,80.68
ST10908,2,90.59
ST10908,3,91.49
ST10908,4,88.81
ST10909,1,78.66
ST10909,2,87.7
ST10909,3,76.06
ST10909,4,82.18
ST10910,1,71.4
ST10910,2,60.81
ST10910,3,85.4
ST10910,4,85.59
ST10911,1,82.63
ST10911,2,92.15
ST10911,3,78.3
ST10911,4,68.36
ST10912,1,76.6
ST10912,2,89.44
ST10912,3,78.89
ST10912,4,82.76
ST10913,1,85.52
ST10913,2,63.32
ST10913,3,77.87
ST10913,4,71.71
ST10914,1,92.45
ST10914,2,81.35
ST10914,3,80.81
ST10914,4,74.14
ST10915,1,74.4
ST10915,2,63.86
ST10915,3,96.14
ST10915,4,58.42
ST10916,1,76.8
ST10916,2,76.66
ST10916,3,79.0
ST10916,4,81.65
ST10917,1,88.6
ST10917,2,92.14
ST10917,3,61.75
ST10917,4,69.34
ST10918,1,72.16
ST10918,2,78.54
ST10918,3,74.21
ST10918,4,82.57
ST10919,1,89.16
ST10919,2,79.66
ST10919,3,70.29
ST10919,4,83.52
ST10920,1,94.42
ST10920,2,81.68
ST10920,3,97.88
ST10920,4,91.93
ST10921,1,76.34
ST10921,2,67.5
ST10921,3,82.01
ST10921,4,85.31
ST10922,1,77.65
ST10922,2,83.58
ST10922,3,57.93
ST10922,4,96.54
ST10923,1,76.7
ST10923,2,71.24
ST10923,3,76.8
ST10923,4,76.15
ST10924,1,85.2
ST10924,2,92.0
ST10924,3,84.66
ST10924,4,72.01
ST10925,1,70.04
ST10925,2,72.4
ST10925,3,78.92
ST10925,4,77.26
ST10926,1,76.93
ST10926,2,76.9
ST10926,3,72.15
ST10926,4,80.63
ST10927,1,81.68
ST10927,2,67.12
ST10927,3,86.49
ST10927,4,89.53
ST10928,1,83.05
ST10928,2,73.14
ST10928,3,81.3
ST10928,4,87.52
ST10929,1,70.96
ST10929,2,77.51
ST10929,3,68.92
ST10929,4,91.57
ST10930,1,73.86
ST10930,2,99.93
ST10930,3,90.62
ST10930,4,78.7
ST10931,1,71.04
ST10931,2,81.81
ST10931,3,72.96
ST10931,4,71.84
ST10932,1,64.34
ST10932,2,69.18
ST10932,3,79.67
ST10932,4,76.41
ST10933,1,91.23
ST10933,2,82.33
ST10933,3,82.44
ST10933,4,62.58
ST10934,1,79.24
ST10934,2,83.89
ST10934,3,83.51
ST10934,4,83.3
ST10935,1,84.54
ST10935,2,100.0
ST10935,3,88.21
ST10935,4,86.32
ST10936,1,72.07
ST10936,2,79.23
ST10936,3,78.36
ST10936,4,74.44
ST10937,1,76.54
ST10937,2,58.1
ST10937,3,78.76
ST10937,4,83.41
ST10938,1,74.23
ST10938,2,61.8
ST10938,3,100.0
ST10938,4,79.78
ST10939,1,77.22
ST10939,2,78.43
ST10939,3,69.89
ST10939,4,82.32
ST10940,1,71.23
ST10940,2,75.26
ST10940,3,79.5
ST10940,4,95.89
ST10941,1,69.86
ST10941,2,84.47
ST10941,3,86.2
ST10941,4,77.49
ST10942,1,87.0
ST10942,2,98.5
ST10942,3,77.18
ST10942,4,71.08
ST10943,1,81.54
ST10943,2,75.07
ST10943,3,92.4
ST10943,4,78.48
ST10944,1,87.96
ST10944,2,68.01
ST10944,3,83.06
ST10944,4,79.09
ST10945,1,71.56
ST10945,2,80.43
ST10945,3,79.01
ST10945,4,79.94
ST10946,1,64.85
ST10946,2,77.65
ST10946,3,91.1
ST10946,4,90.77
ST10947,1,95.0
ST10947,2,84.69
ST10947,3,92.05
ST10947,4,80.03
ST10948,1,83.12
ST10948,2,91.13
ST10948,3,100.0
ST10948,4,90.05
ST10949,1,83.78
ST10949,2,81.71
ST10949,3,68.14
ST10949,4,99.46
ST10950,1,87.21
ST10950,2,87.79
ST10950,3,80.21
ST10950,4,71.13
ST10951,1,87.76
ST10951,2,83.4
ST10951,3,68.35
ST10951,4,85.06
ST10952,1,76.24
ST10952,2,52.19
ST10952,3,88.8
ST10952,4,96.8
ST10953,1,86.2
ST10953,2,79.77
ST10953,3,72.51
ST10953,4,89.9
ST10954,1,94.15
ST10954,2,73.42
ST10954,3,82.21
ST10954,4,100.0
ST10955,1,89.56
ST10955,2,73.87
ST10955,3,97.83
ST10955,4,79.4
ST10956,1,61.51
ST10956,2,90.7
ST10956,3,78.9
ST10956,4,75.82
ST10957,1,80.63
ST10957,2,74.77
ST10957,3,87.02
ST10957,4,90.6
ST10958,1,100.0
ST10958,2,94.57
ST10958,3,81.08
ST10958,4,72.14
ST10959,1,78.7
ST10959,2,100.0
ST10959,3,78.57
ST10959,4,90.66
ST10960,1,77.19
ST10960,2,64.17
ST10960,3,81.37
ST10960,4,85.63
ST10961,1,81.41
ST10961,2,86.51
ST10961,3,69.56
ST10961,4,64.47
ST10962,1,89.69
ST10962,2,84.87
ST10962,3,85.75
ST10962,4,78.56
ST10963,1,76.55
ST10963,2,68.6
ST10963,3,89.96
ST10963,4,72.11
ST10964,1,81.5
ST10964,2,69.47
ST10964,3,78.71
ST10964,4,96.19
ST10965,1,75.5
ST10965,2,78.14
ST10965,3,80.63
ST10965,4,88.07
ST10966,1,76.56
ST10966,2,72.66
ST10966,3,82.88
ST10966,4,74.46
ST10967,1,100.0
ST10967,2,89.27
ST10967,3,85.07
ST10967,4,85.37
ST10968,1,72.86
ST10968,2,88.61
ST10968,3,85.67
ST10968,4,70.37
ST10969,1,77.26
ST10969,2,89.62
ST10969,3,59.69
ST10969,4,86.5
ST10970,1,77.83
ST10970,2,83.9
ST10970,3,78.44
ST10970,4,89.29
ST10971,1,59.15
ST10971,2,76.59
ST10971,3,85.63
ST10971,4,64.39
ST10972,1,82.22
ST10972,2,76.58
ST10972,3,83.1
ST10972,4,74.31
ST10973,1,96.3
ST10973,2,83.31
ST10973,3,83.92
ST10973,4,70.19
ST10974,1,90.66
ST10974,2,72.06
ST10974,3,87.44
ST10974,4,96.74
ST10975,1,79.66
ST10975,2,71.8
ST10975,3,86.33
ST10975,4,72.68
ST10976,1,86.42
ST10976,2,83.16
ST10976,3,80.94
ST10976,4,72.74
ST10977,1,86.2
ST10977,2,81.51
ST10977,3,73.59
ST10977,4,80.26
ST10978,1,81.79
ST10978,2,88.16
ST10978,3,72.83
ST10978,4,76.48
ST10979,1,78.1
ST10979,2,83.33
ST10979,3,81.86
ST10979,4,78.81
ST10980,1,79.61
ST10980,2,88.37
ST10980,3,85.72
ST10980,4,74.73
ST10981,1,100.0
ST10981,2,91.26
ST10981,3,84.49
ST10981,4,66.34
ST10982,1,81.73
ST10982,2,74.49
ST10982,3,72.7
ST10982,4,65.55
ST10983,1,65.92
ST10983,2,84.71
ST10983,3,100.0
ST10983,4,85.18
ST10984,1,85.31
ST10984,2,80.03
ST10984,3,88.9
ST10984,4,76.51
ST10985,1,92.92
ST10985,2,71.59
ST10985,3,87.38
ST10985,4,79.73
ST10986,1,77.46
ST10986,2,82.87
ST10986,3,84.2
ST10986,4,84.69
ST10987,1,81.25
ST10987,2,82.54
ST10987,3,64.6
ST10987,4,88.32
ST10988,1,59.42
ST10988,2,100.0
ST10988,3,88.7
ST10988,4,75.23
ST10989,1,74.47
ST10989,2,87.78
ST10989,3,88.1
ST10989,4,78.38
ST10990,1,76.82
ST10990,2,86.17
ST10990,3,78.78
ST10990,4,80.48
ST10991,1,78.64
ST10991,2,72.44
ST10991,3,90.29
ST10991,4,81.19
ST10992,1,73.08
ST10992,2,71.86
ST10992,3,60.38
ST10992,4,77.54
ST10993,1,71.06
ST10993,2,74.52
ST10993,3,73.72
ST10993,4,96.42
ST10994,1,80.26
ST10994,2,70.63
ST10994,3,96.45
ST10994,4,65.62
ST10995,1,89.74
ST10995,2,74.2
ST10995,3,81.79
ST10995,4,66.13
ST10996,1,63.94
ST10996,2,83.98
ST10996,3,87.34
ST10996,4,85.21
ST10997,1,84.32
ST10997,2,88.01
ST10997,3,80.75
ST10997,4,82.53
ST10998,1,74.93
ST10998,2,69.24
ST10998,3,78.51
ST10998,4,85.08
ST10999,1,82.35
ST10999,2,77.47
ST10999,3,78.03
ST10999,4,86.4
ST11000,1,73.71
ST11000,2,79.49
ST11000,3,74.8
ST11000,4,86.92
