StudentID,PythonScore,JavaScore,DSAScore,MLScore,WebDevScore,CommunicationScore
ST10001,75.87,66.27,68.23,53.33,74.89,71.52
ST10002,47.46,48.04,62.15,64.74,43.51,42.34
ST10003,55.46,39.27,56.6,62.95,45.4,54.48
ST10004,40.59,58.36,41.68,57.91,40.46,54.41
ST10005,63.39,58.66,56.1,61.22,57.55,53.11
ST10006,73.34,61.89,66.01,64.16,56.02,57.52
ST10007,63.5,63.63,60.93,51.8,65.46,58.41
ST10008,54.54,47.68,66.71,54.99,66.65,55.42
ST10009,58.56,47.73,67.02,65.46,61.54,52.95
ST10010,64.74,58.89,70.91,56.5,46.98,45.17
ST10011,72.81,62.48,64.94,70.05,48.57,55.26
ST10012,67.48,72.32,64.28,56.52,59.66,75.32
ST10013,57.09,50.13,62.99,59.35,40.91,43.89
ST10014,62.5,64.38,61.48,63.34,50.6,47.53
ST10015,68.01,59.84,57.13,43.04,48.07,52.96
ST10016,69.75,62.46,64.44,56.73,65.58,64.65
ST10017,60.65,53.14,59.54,48.7,59.06,58.05
ST10018,49.59,62.81,58.19,67.41,69.89,60.02
ST10019,60.33,60.66,55.1,68.74,50.13,70.71
ST10020,60.2,53.87,59.31,49.98,66.27,45.95
ST10021,58.96,40.35,55.53,47.06,50.01,46.12
ST10022,57.55,54.02,44.87,44.38,50.29,46.04
ST10023,68.97,59.0,53.71,53.53,54.91,59.64
ST10024,41.99,44.08,57.73,51.26,49.38,53.62
ST10025,61.78,53.38,62.67,66.71,42.48,56.0
ST10026,45.68,58.67,61.6,48.34,54.41,36.33
ST10027,60.66,58.56,63.08,65.26,43.09,62.98
ST10028,61.33,37.54,49.12,45.22,56.34,33.34
ST10029,74.81,59.31,68.51,58.61,64.54,40.53
ST10030,48.99,55.62,53.71,35.59,51.12,42.14
ST10031,54.1,47.79,64.77,66.34,74.28,45.65
ST10032,63.36,63.89,53.58,47.96,48.54,56.0
ST10033,55.35,64.61,63.57,38.19,47.42,67.13
ST10034,61.59,58.52,51.04,74.89,43.67,47.83
ST10035,70.6,74.69,61.21,59.87,68.6,62.56
ST10036,56.29,53.5,47.93,57.76,57.26,52.4
ST10037,45.71,44.42,57.05,56.78,49.43,46.26
ST10038,53.65,64.19,59.84,59.57,61.14,54.17
ST10039,55.77,47.8,67.66,60.41,52.48,48.69
ST10040,56.47,57.6,76.8,67.25,60.29,70.64
ST10041,63.53,72.08,80.08,69.83,64.26,67.19
ST10042,49.73,34.92,45.37,40.05,44.2,66.96
ST10043,71.51,66.06,70.03,44.51,68.36,73.05
ST10044,53.13,72.17,58.84,50.05,77.09,57.75
ST10045,64.87,74.81,67.75,65.44,67.47,69.67
ST10046,50.77,53.5,49.56,54.75,55.1,70.77
ST10047,61.31,60.69,65.65,68.7,55.34,61.81
ST10048,36.77,54.66,66.41,49.29,58.24,55.6
ST10049,55.7,70.35,55.22,64.21,65.04,58.76
ST10050,57.38,48.66,61.31,43.3,53.42,57.11
ST10051,52.68,44.89,52.41,47.77,48.16,44.12
ST10052,75.73,64.09,56.48,63.87,70.76,52.73
ST10053,45.85,43.09,60.23,66.99,51.25,60.18
ST10054,69.85,72.24,59.25,67.49,57.09,62.42
ST10055,68.69,48.9,42.82,37.27,58.68,44.78
ST10056,68.42,52.0,52.58,70.07,52.4,62.85
ST10057,66.82,61.2,58.95,69.95,49.45,39.2
ST10058,65.16,60.83,55.62,45.26,43.21,62.91
ST10059,88.12,73.6,74.04,73.38,90.83,79.59
ST10060,47.07,54.77,58.2,44.03,60.61,51.0
ST10061,56.33,65.43,66.33,63.89,60.55,58.9
ST10062,66.67,61.18,50.99,39.09,50.33,61.91
ST10063,60.37,51.48,57.04,65.73,63.44,59.16
ST10064,56.48,52.48,52.56,60.2,60.25,69.41
ST10065,64.33,55.45,53.2,67.02,52.92,68.92
ST10066,46.41,55.29,45.02,58.51,42.62,57.68
ST10067,60.57,55.57,55.99,61.24,56.0,48.74
ST10068,47.16,52.36,53.05,45.18,62.62,55.55
ST10069,58.67,49.86,78.06,81.33,54.24,73.29
ST10070,59.28,69.15,62.27,57.72,41.43,49.89
ST10071,52.74,54.17,43.86,45.02,57.01,44.51
ST10072,69.26,74.99,71.03,68.01,53.19,58.75
ST10073,76.89,56.31,71.36,54.62,59.56,63.63
ST10074,53.86,56.1,47.5,41.82,45.96,51.79
ST10075,48.82,55.68,51.03,51.3,50.41,38.5
ST10076,55.9,56.81,62.85,45.15,39.44,60.18
ST10077,69.23,58.67,64.3,74.38,56.44,59.88
ST10078,72.88,61.79,71.27,68.82,82.79,66.94
ST10079,53.73,56.76,46.46,60.33,63.67,49.1
ST10080,42.16,59.5,53.84,46.22,57.89,60.05
ST10081,61.13,58.14,64.19,65.32,45.02,50.64
ST10082,45.34,56.3,46.56,53.39,66.67,63.27
ST10083,52.64,54.56,60.07,53.15,52.93,62.42
ST10084,49.87,51.86,41.43,40.78,47.07,46.36
ST10085,67.75,64.71,59.26,43.56,73.26,58.78
ST10086,48.99,30.8,47.04,46.04,47.32,73.24
ST10087,59.76,63.11,64.21,61.48,62.99,57.23
ST10088,61.44,70.12,56.64,50.9,62.85,68.61
ST10089,49.37,52.81,62.84,54.24,48.8,63.76
ST10090,49.87,41.82,45.99,38.31,35.73,43.52
ST10091,64.89,52.05,61.4,62.07,71.73,58.87
ST10092,38.92,47.21,45.36,52.86,46.19,30.21
ST10093,86.54,58.52,62.01,57.14,45.67,58.65
ST10094,63.04,63.6,62.35,48.2,42.15,56.88
ST10095,49.97,42.87,59.51,38.11,57.03,39.43
ST10096,60.86,67.26,58.09,74.0,75.13,64.69
ST10097,76.52,74.76,74.09,77.9,62.08,54.78
ST10098,46.54,70.95,58.53,51.31,64.12,47.28
ST10099,68.16,62.61,67.29,58.38,56.32,54.49
ST10100,51.53,54.99,46.12,44.03,56.96,52.99
ST10101,56.77,54.89,76.4,55.39,52.21,59.05
ST10102,72.95,59.43,68.62,71.21,57.51,62.72
ST10103,78.59,63.94,59.1,69.08,45.09,65.1
ST10104,61.59,40.37,53.3,58.97,59.83,64.34
ST10105,30.25,49.23,34.15,35.21,51.76,49.46
ST10106,63.34,49.76,68.57,60.77,63.48,46.62
ST10107,60.95,49.05,47.69,56.21,56.25,47.81
ST10108,84.28,80.59,74.12,70.33,71.2,54.49
ST10109,61.24,61.13,56.72,56.55,41.28,54.55
ST10110,68.45,74.92,54.53,61.72,69.86,59.91
ST10111,72.85,65.88,76.45,54.86,59.39,67.36
ST10112,58.58,57.36,63.42,48.44,46.86,56.81
ST10113,54.85,53.59,66.46,60.74,60.31,56.35
ST10114,67.99,63.05,62.65,62.47,69.73,58.79
ST10115,63.55,59.0,59.58,68.65,44.13,56.29
ST10116,47.12,63.25,68.92,49.77,54.02,47.0
ST10117,54.05,50.81,52.31,49.23,45.75,65.59
ST10118,61.42,49.22,54.6,49.53,68.35,62.2
ST10119,60.03,67.45,67.96,61.41,50.51,52.89
ST10120,48.66,65.46,48.28,59.27,59.16,49.89
ST10121,59.07,32.12,44.95,39.19,52.27,50.42
ST10122,52.27,65.55,63.03,58.42,52.83,47.23
ST10123,59.12,59.37,57.98,53.72,48.03,60.02
ST10124,44.27,59.92,46.27,59.12,59.62,65.89
ST10125,66.1,65.4,48.79,56.6,73.14,58.02
ST10126,48.05,45.4,47.35,47.97,52.99,52.71
ST10127,37.34,47.27,44.49,32.6,36.7,40.89
ST10128,72.51,67.71,66.2,66.78,77.15,72.77
ST10129,66.88,57.04,72.69,61.0,54.96,62.61
ST10130,57.79,62.39,69.54,68.42,62.66,85.4
ST10131,47.98,35.93,60.07,53.82,51.21,48.64
ST10132,68.19,74.77,66.85,50.67,40.26,65.51
ST10133,48.04,55.13,50.45,47.0,49.8,53.53
ST10134,60.03,58.41,45.15,43.17,56.85,65.24
ST10135,62.13,45.81,62.75,36.85,52.21,60.73
ST10136,39.65,73.02,67.89,61.1,48.56,58.73
ST10137,74.21,53.49,65.21,76.93,50.52,67.13
ST10138,57.4,53.38,61.4,73.01,55.32,63.94
ST10139,62.87,61.96,76.43,55.47,71.99,64.67
ST10140,48.9,43.76,45.33,45.85,52.3,61.33
ST10141,53.64,54.18,56.37,59.34,61.2,47.95
ST10142,53.15,65.23,45.88,55.08,54.04,53.88
ST10143,74.81,58.56,72.84,67.3,61.95,55.65
ST10144,62.29,67.12,69.25,68.04,67.89,52.56
ST10145,55.79,65.38,47.72,60.77,59.65,65.23
ST10146,58.52,48.96,50.64,48.42,58.67,34.19
ST10147,60.88,51.6,61.11,59.53,47.14,54.96
ST10148,65.97,63.49,64.02,52.11,56.4,50.85
ST10149,56.16,50.81,52.32,35.38,51.46,59.8
ST10150,39.35,49.8,42.52,49.3,46.88,60.13
ST10151,54.26,60.11,52.7,52.78,48.17,41.25
ST10152,55.94,59.21,55.91,49.44,41.47,61.39
ST10153,59.56,71.12,46.69,61.69,59.32,55.19
ST10154,72.79,65.1,55.39,59.82,54.29,61.13
ST10155,54.84,57.13,51.98,41.46,52.27,58.0
ST10156,30.07,46.78,45.32,53.43,48.93,52.72
ST10157,49.57,50.96,59.55,49.43,53.17,37.66
ST10158,56.88,41.34,54.3,57.0,63.57,52.44
ST10159,58.71,64.38,51.61,40.72,57.13,43.56
ST10160,58.35,63.65,73.4,59.26,50.37,54.75
ST10161,56.17,71.54,56.29,53.9,70.32,61.62
ST10162,55.77,40.53,45.16,37.55,53.48,55.67
ST10163,51.51,53.4,54.75,41.39,50.92,65.5
ST10164,51.66,59.41,49.2,56.37,54.16,51.89
ST10165,65.6,66.05,52.52,56.33,59.63,47.76
ST10166,50.38,71.84,54.03,71.88,50.79,69.82
ST10167,51.32,50.3,66.49,40.46,56.66,54.92
ST10168,77.84,42.38,46.99,57.34,49.4,50.3
ST10169,64.54,54.75,50.75,62.42,59.88,57.38
ST10170,53.27,48.84,62.96,51.92,50.0,48.87
ST10171,64.0,50.58,44.56,56.43,52.78,55.0
ST10172,64.36,55.76,52.49,62.57,68.29,69.11
ST10173,62.26,61.55,65.88,46.55,57.9,51.68
ST10174,42.45,50.74,56.8,45.62,60.71,48.86
ST10175,53.26,49.09,65.83,56.73,62.43,34.44
ST10176,64.44,57.15,52.97,59.23,69.37,77.86
ST10177,59.69,52.08,52.6,65.42,49.78,65.73
ST10178,67.05,59.75,51.31,65.14,46.62,55.58
ST10179,62.81,65.32,58.19,49.34,68.18,53.81
ST10180,42.79,53.62,53.94,43.4,50.44,51.28
ST10181,62.76,58.21,55.0,66.7,54.68,52.77
ST10182,55.08,56.26,46.48,50.31,57.56,49.24
ST10183,52.76,71.79,49.19,51.03,50.26,53.16
ST10184,48.14,52.71,49.91,63.15,55.31,49.63
ST10185,74.92,55.21,55.93,71.86,78.14,50.26
ST10186,43.61,60.28,50.12,58.77,47.56,58.4
ST10187,64.78,41.26,60.01,55.94,38.91,58.29
ST10188,55.71,53.84,57.56,49.4,54.69,54.13
ST10189,74.03,50.33,75.59,64.62,68.65,65.19
ST10190,53.39,64.06,55.74,67.91,56.38,47.4
ST10191,78.39,66.92,73.72,57.84,53.41,78.05
ST10192,52.23,56.21,58.54,48.27,54.09,68.04
ST10193,57.05,64.84,42.38,66.42,45.13,68.38
ST10194,67.53,57.42,61.49,65.67,51.62,58.54
ST10195,64.84,57.59,41.2,48.58,47.94,49.03
ST10196,47.78,55.93,60.73,45.13,67.49,63.98
ST10197,64.81,44.67,61.34,65.22,58.63,69.25
ST10198,58.44,68.88,59.34,59.76,71.69,61.14
ST10199,57.15,58.92,64.78,56.12,60.27,50.79
ST10200,46.56,57.1,59.33,59.57,53.32,44.63
ST10201,60.53,72.67,62.62,60.75,64.1,59.33
ST10202,48.24,46.81,65.99,58.9,63.77,68.38
ST10203,29.32,50.86,44.43,57.17,42.18,42.68
ST10204,47.7,46.89,59.71,59.84,39.69,68.53
ST10205,54.94,55.97,61.03,33.98,42.46,59.33
ST10206,52.27,56.56,59.13,46.26,55.87,69.07
ST10207,73.8,74.49,75.76,68.94,69.98,67.72
ST10208,48.35,36.87,44.29,52.16,39.87,50.43
ST10209,59.28,58.04,60.33,64.44,56.81,62.94
ST10210,68.52,70.81,76.2,66.52,64.63,62.68
ST10211,44.0,43.73,55.98,38.09,60.68,49.55
ST10212,70.09,41.65,50.2,43.03,40.85,58.71
ST10213,54.8,55.8,66.64,65.49,51.79,64.19
ST10214,63.9,54.57,57.47,43.73,74.02,68.12
ST10215,47.4,64.1,54.12,64.95,53.74,57.81
ST10216,46.1,43.15,60.6,55.49,49.28,59.6
ST10217,37.78,40.97,55.59,56.41,53.03,38.73
ST10218,41.64,53.47,70.55,60.1,62.75,55.85
ST10219,63.86,46.6,65.53,63.43,60.41,57.11
ST10220,59.93,55.36,59.55,62.98,48.11,43.03
ST10221,57.83,65.95,68.97,42.41,51.2,45.59
ST10222,59.05,64.34,59.27,62.11,59.72,51.0
ST10223,60.65,47.55,46.68,51.19,55.07,59.26
ST10224,53.29,60.36,55.47,46.87,48.32,42.98
ST10225,50.51,65.37,63.1,44.28,42.48,50.55
ST10226,59.21,54.45,69.09,62.59,70.32,45.43
ST10227,58.76,64.7,67.13,55.51,67.21,64.7
ST10228,53.32,61.3,65.41,52.28,72.33,55.09
ST10229,54.27,43.12,54.95,42.52,50.77,43.43
ST10230,55.63,52.09,58.94,45.11,58.31,52.55
ST10231,58.82,68.05,51.75,67.51,54.98,48.57
ST10232,48.92,48.9,66.04,69.0,57.77,56.28
ST10233,58.98,53.36,62.57,54.39,53.85,50.18
ST10234,48.04,30.33,66.48,53.29,52.4,42.99
ST10235,42.36,41.31,42.12,49.48,48.46,39.59
ST10236,57.36,55.34,79.11,75.38,59.47,47.63
ST10237,63.82,61.25,65.14,65.85,65.09,50.99
ST10238,61.37,59.43,51.53,63.4,48.18,70.57
ST10239,38.1,57.96,36.35,63.85,39.58,53.23
ST10240,40.86,43.09,62.07,62.15,55.81,62.82
ST10241,74.41,60.31,57.31,63.99,62.06,67.21
ST10242,65.74,55.9,67.99,66.24,67.14,61.09
ST10243,57.18,55.1,57.07,65.04,53.57,49.09
ST10244,44.16,62.06,56.9,67.07,36.8,63.33
ST10245,51.53,50.79,48.5,60.71,58.52,47.48
ST10246,54.33,51.99,51.58,61.98,44.02,30.3
ST10247,66.0,63.95,66.87,70.54,50.02,59.78
ST10248,41.85,39.57,49.65,54.55,51.64,46.73
ST10249,56.86,65.47,64.49,52.05,53.09,47.3
ST10250,62.71,44.4,76.75,62.15,67.15,74.83
ST10251,56.04,51.82,45.27,47.49,64.75,54.33
ST10252,57.31,67.58,63.66,54.76,58.82,53.94
ST10253,54.15,56.99,64.1,46.41,59.25,58.52
ST10254,48.94,53.07,38.57,48.33,47.35,56.91
ST10255,49.21,64.5,71.53,61.23,67.66,58.07
ST10256,48.42,60.87,67.3,47.94,57.14,61.88
ST10257,81.41,60.39,44.36,38.22,64.44,81.48
ST10258,63.06,60.64,68.04,55.64,46.21,70.32
ST10259,42.68,55.99,42.5,47.68,54.42,59.15
ST10260,56.48,54.14,59.19,55.57,44.82,41.68
ST10261,46.46,69.46,61.16,69.71,66.56,58.31
ST10262,56.5,53.83,53.59,64.7,77.55,69.4
ST10263,52.45,59.46,64.63,38.5,60.22,55.8
ST10264,69.53,66.53,59.21,77.32,62.74,59.55
ST10265,51.65,55.38,49.36,50.14,48.31,45.32
ST10266,52.28,47.63,72.0,55.84,31.43,65.03
ST10267,65.47,47.78,57.02,52.83,56.65,69.54
ST10268,55.96,52.01,64.86,57.96,43.81,49.07
ST10269,47.32,37.27,61.98,44.76,38.72,38.76
ST10270,61.3,43.55,55.39,50.82,49.29,45.64
ST10271,51.61,47.77,63.34,48.72,52.99,56.38
ST10272,65.2,59.43,59.63,37.11,47.05,64.81
ST10273,43.42,53.46,45.27,43.11,66.24,61.54
ST10274,75.65,69.02,65.77,67.6,59.53,63.21
ST10275,64.59,39.69,46.95,41.16,58.83,68.21
ST10276,53.48,47.75,49.26,56.25,50.81,50.03
ST10277,64.68,64.62,48.75,58.21,62.33,61.52
ST10278,55.15,57.8,51.76,39.54,64.38,50.44
ST10279,54.97,48.85,67.2,52.45,52.92,59.08
ST10280,66.01,52.0,46.73,54.02,36.17,52.13
ST10281,77.62,62.76,64.41,60.82,59.89,63.17
ST10282,65.75,51.44,40.66,65.89,71.16,53.09
ST10283,52.51,69.7,79.23,68.04,78.07,73.63
ST10284,59.63,49.06,56.68,51.45,53.24,49.65
ST10285,60.06,41.33,61.39,55.44,49.7,56.35
ST10286,47.25,38.94,52.61,40.79,60.37,48.44
ST10287,73.07,60.63,63.08,43.83,62.68,59.03
ST10288,57.04,58.53,59.05,65.54,58.04,56.07
ST10289,51.62,48.96,54.43,43.89,41.13,46.98
ST10290,59.49,55.6,58.66,58.5,44.22,53.32
ST10291,55.32,59.99,53.4,54.55,55.29,61.97
ST10292,75.28,69.34,71.55,69.49,81.21,53.85
ST10293,51.47,64.62,62.38,60.59,64.57,63.94
ST10294,42.11,51.62,47.76,41.56,52.11,54.8
ST10295,63.41,75.43,73.31,69.71,82.23,63.52
ST10296,54.19,56.86,52.21,59.05,42.09,56.83
ST10297,38.88,49.87,51.52,45.72,36.59,39.53
ST10298,58.67,60.46,62.17,65.05,49.07,60.88
ST10299,40.53,35.75,53.97,49.0,63.02,59.18
ST10300,70.75,49.46,61.25,61.33,64.9,54.21
ST10301,64.56,49.04,55.67,54.91,66.42,38.0
ST10302,46.36,46.09,33.41,43.84,36.7,33.38
ST10303,62.64,60.4,62.76,63.5,57.32,75.8
ST10304,59.04,62.53,44.48,56.23,57.73,52.43
ST10305,44.76,37.4,57.41,54.49,52.98,45.31
ST10306,50.89,59.37,50.27,52.03,69.89,47.99
ST10307,66.41,67.3,65.06,66.74,51.64,52.18
ST10308,39.4,57.68,55.17,50.11,57.23,60.89
ST10309,53.15,71.14,65.08,65.3,57.41,65.33
ST10310,44.7,57.19,51.23,41.66,51.68,52.52
ST10311,67.37,52.27,62.42,57.97,49.09,48.24
ST10312,50.0,54.09,66.83,56.77,63.82,42.94
ST10313,57.19,62.33,40.35,55.9,64.31,70.0
ST10314,48.62,55.6,62.15,52.35,60.14,48.85
ST10315,62.38,53.27,58.47,60.09,53.74,54.83
ST10316,55.92,62.97,36.25,63.41,47.78,55.32
ST10317,67.93,68.75,54.7,55.0,58.42,53.94
ST10318,79.13,63.6,56.88,69.42,51.59,64.39
ST10319,70.79,59.5,63.26,60.89,66.07,67.21
ST10320,64.06,72.2,59.28,61.3,46.3,52.38
ST10321,68.14,60.91,66.28,66.17,65.5,87.84
ST10322,55.66,64.08,62.52,43.96,51.34,45.6
ST10323,50.64,44.13,49.4,54.17,54.6,56.96
ST10324,52.66,60.02,52.08,64.66,38.35,61.39
ST10325,58.85,48.71,52.94,56.15,60.84,38.44
ST10326,69.42,59.82,72.9,47.31,81.14,54.93
ST10327,78.39,62.26,61.08,73.4,71.04,52.39
ST10328,61.77,54.77,60.9,53.95,51.85,44.95
ST10329,71.35,69.31,71.27,67.06,72.25,74.89
ST10330,51.16,36.68,71.44,56.37,46.73,55.12
ST10331,47.97,47.84,48.26,58.49,53.13,50.14
ST10332,49.31,51.88,59.38,61.9,49.54,63.67
ST10333,67.5,50.63,51.4,54.29,72.04,59.48
ST10334,60.19,62.71,54.68,67.21,59.85,67.74
ST10335,62.61,55.02,45.21,56.24,50.08,49.37
ST10336,55.32,43.69,49.25,52.84,32.73,65.6
ST10337,57.31,69.72,71.11,59.57,72.92,69.86
ST10338,61.16,58.37,71.0,62.18,69.64,41.21
ST10339,51.13,37.73,51.14,55.77,64.26,45.84
ST10340,56.05,57.06,52.9,64.56,58.24,57.7
ST10341,66.71,61.17,56.21,60.18,54.9,65.61
ST10342,55.59,38.22,36.36,47.06,41.48,50.87
ST10343,45.04,25.33,49.0,30.95,42.3,40.21
ST10344,43.31,61.28,51.28,54.87,48.93,55.69
ST10345,62.57,61.27,69.09,59.64,77.51,69.92
ST10346,56.7,61.44,67.46,62.03,68.48,68.05
ST10347,43.1,64.23,51.01,47.62,49.19,63.45
ST10348,47.39,44.22,47.14,32.38,42.79,42.61
ST10349,53.48,60.95,61.07,65.95,63.91,54.41
ST10350,55.04,52.68,39.85,42.17,52.73,50.52
ST10351,59.67,59.28,42.41,59.24,57.0,63.56
ST10352,68.28,57.81,69.53,50.7,53.19,61.24
ST10353,49.59,52.0,66.12,52.32,52.66,42.22
ST10354,54.2,56.82,68.87,64.46,60.61,70.81
ST10355,75.43,63.45,65.21,59.9,54.97,59.77
ST10356,54.79,54.9,70.29,71.01,54.86,61.14
ST10357,53.05,66.4,47.22,62.46,60.62,49.11
ST10358,64.46,55.98,58.28,50.2,70.3,72.57
ST10359,32.9,64.91,51.1,51.81,38.42,63.77
ST10360,68.41,69.31,72.75,77.21,55.02,60.54
ST10361,45.52,57.58,54.08,59.04,59.32,39.6
ST10362,66.57,63.37,53.81,57.91,54.77,63.69
ST10363,57.83,61.78,60.9,53.97,60.76,79.08
ST10364,43.69,47.18,44.83,43.11,55.7,57.9
ST10365,52.08,60.33,59.47,49.66,39.85,61.76
ST10366,66.81,63.78,62.36,68.58,67.06,60.73
ST10367,33.76,52.1,49.4,44.86,22.3,46.26
ST10368,62.86,58.22,69.83,67.26,66.6,69.85
ST10369,58.69,60.67,66.37,57.87,69.93,58.67
ST10370,55.75,37.91,63.42,62.63,44.6,57.53
ST10371,62.24,65.74,60.41,58.93,29.38,57.49
ST10372,48.74,57.15,47.8,54.54,42.88,46.81
ST10373,71.2,43.05,63.87,58.17,73.65,61.54
ST10374,55.32,58.56,40.25,48.94,47.74,61.76
ST10375,75.87,62.95,61.48,80.04,64.27,53.87
ST10376,33.3,49.06,36.35,61.3,38.06,48.56
ST10377,56.54,49.43,38.35,55.98,49.24,59.2
ST10378,48.86,49.56,60.65,42.35,45.43,33.39
ST10379,52.32,57.16,51.01,56.63,52.46,46.46
ST10380,61.96,57.82,61.45,53.36,54.22,63.73
ST10381,55.75,71.39,64.98,61.5,56.17,44.38
ST10382,44.4,45.68,49.66,49.56,56.11,56.04
ST10383,71.43,59.14,65.12,63.07,64.04,70.58
ST10384,59.55,42.56,53.2,51.99,70.33,53.48
ST10385,52.02,59.97,62.38,55.31,56.36,63.49
ST10386,42.85,46.95,46.5,58.52,51.96,44.16
ST10387,43.71,66.42,61.09,58.0,51.53,66.5
ST10388,65.19,76.18,69.81,67.92,76.99,68.76
ST10389,63.32,60.9,52.46,69.47,58.32,78.23
ST10390,50.21,62.99,39.04,58.1,60.42,65.94
ST10391,34.03,40.63,51.86,46.59,48.6,46.37
ST10392,77.87,82.43,66.29,73.28,62.01,73.84
ST10393,54.64,39.47,44.1,37.92,69.56,56.09
ST10394,59.17,56.61,68.97,67.58,67.92,56.93
ST10395,63.53,55.59,52.15,58.14,58.0,58.27
ST10396,53.09,54.99,61.66,40.68,53.71,57.66
ST10397,57.76,53.61,54.63,74.29,53.48,58.25
ST10398,62.97,53.72,52.44,73.16,63.71,57.15
ST10399,59.26,64.82,62.08,60.78,55.72,64.3
ST10400,50.45,54.45,47.74,43.12,36.89,54.6
ST10401,58.82,51.91,42.04,39.74,47.3,62.4
ST10402,70.94,50.25,69.03,66.16,58.02,71.97
ST10403,67.82,64.97,60.07,70.53,51.54,56.17
ST10404,51.77,54.57,45.09,51.36,66.0,48.64
ST10405,45.1,45.74,78.03,58.91,53.57,59.28
ST10406,65.09,57.01,59.87,59.23,57.42,57.32
ST10407,55.92,45.11,74.97,58.87,42.93,36.27
ST10408,47.95,58.93,58.37,51.45,48.64,49.22
ST10409,55.88,51.0,56.91,70.08,52.93,66.99
ST10410,61.24,46.34,49.99,61.45,48.42,52.44
ST10411,71.63,63.15,56.99,61.87,54.86,66.45
ST10412,49.08,60.43,48.8,61.69,60.75,71.29
ST10413,68.84,58.17,61.01,63.9,58.85,60.6
ST10414,67.27,45.74,53.24,59.53,77.64,59.24
ST10415,74.25,69.7,72.17,67.11,67.88,51.72
ST10416,55.61,45.59,54.28,55.03,52.56,55.98
ST10417,48.4,55.4,49.87,69.3,56.46,71.71
ST10418,51.18,45.64,58.03,45.66,45.54,55.67
ST10419,56.48,50.4,49.11,67.33,37.72,40.54
ST10420,68.49,76.08,60.88,78.51,56.4,63.5
ST10421,54.66,39.56,46.27,60.4,58.15,31.7
ST10422,49.27,46.92,49.69,43.98,37.5,63.17
ST10423,64.28,54.18,52.1,48.52,34.32,60.84
ST10424,54.01,48.87,48.07,47.97,40.94,46.77
ST10425,65.76,65.33,73.41,67.38,51.4,62.04
ST10426,80.53,53.8,71.66,78.47,58.58,57.85
ST10427,66.5,64.72,68.46,79.56,63.23,55.36
ST10428,57.5,56.73,65.91,52.46,53.17,43.07
ST10429,58.83,81.23,53.67,57.51,50.06,47.2
ST10430,63.06,59.81,41.5,73.08,62.91,63.18
ST10431,45.21,51.82,53.19,51.19,57.13,61.94
ST10432,69.58,43.85,50.54,61.72,44.32,47.61
ST10433,62.85,66.26,70.26,56.32,62.76,63.99
ST10434,66.25,52.62,56.54,72.15,52.48,46.93
ST10435,62.12,70.53,42.78,57.04,66.07,44.76
ST10436,59.12,51.71,53.77,56.21,51.84,54.18
ST10437,55.64,66.81,58.3,64.06,55.37,45.42
ST10438,56.38,59.89,60.0,52.76,56.84,70.91
ST10439,56.5,47.26,50.19,39.3,68.56,65.62
ST10440,49.5,66.29,54.9,43.96,56.09,55.03
ST10441,74.82,57.37,63.28,77.86,79.8,77.27
ST10442,79.58,66.09,67.6,53.74,58.98,45.14
ST10443,57.61,43.71,69.83,62.68,43.97,61.66
ST10444,64.76,48.01,42.03,31.95,34.98,56.3
ST10445,46.22,46.89,47.26,47.43,39.88,55.22
ST10446,41.13,46.47,61.6,54.9,58.0,72.72
ST10447,67.73,66.3,66.3,61.6,60.07,65.82
ST10448,55.4,55.85,54.08,59.9,52.8,52.29
ST10449,54.98,41.15,67.76,58.35,46.13,52.2
ST10450,45.29,60.62,45.89,70.22,48.03,66.97
ST10451,63.65,59.39,70.12,65.6,61.57,78.04
ST10452,58.34,52.86,57.09,72.85,70.98,54.63
ST10453,37.33,50.37,46.72,46.86,45.43,37.94
ST10454,67.7,47.16,64.93,49.64,43.58,59.7
ST10455,42.79,42.08,46.55,36.03,33.18,42.12
ST10456,55.79,40.73,50.12,58.09,47.41,46.73
ST10457,56.43,49.27,49.09,45.13,57.62,59.11
ST10458,58.91,49.44,62.22,54.24,53.04,28.76
ST10459,53.99,47.06,64.1,57.47,51.2,59.14
ST10460,35.38,38.42,42.09,50.63,57.97,45.08
ST10461,57.96,47.76,50.27,45.81,45.81,53.9
ST10462,64.95,51.95,58.52,73.05,60.45,64.32
ST10463,55.39,42.04,46.78,52.41,55.97,30.13
ST10464,54.29,50.46,58.58,49.06,63.09,57.82
ST10465,58.77,59.28,58.09,47.64,52.49,50.97
ST10466,48.78,63.01,57.75,43.32,61.1,53.54
ST10467,28.3,33.79,40.17,45.67,51.08,53.81
ST10468,56.68,51.58,66.63,57.15,53.63,59.39
ST10469,53.7,56.43,41.23,52.41,70.97,61.07
ST10470,46.79,53.92,49.79,37.85,46.12,39.85
ST10471,74.01,59.21,76.41,71.85,59.31,67.01
ST10472,58.55,45.96,52.45,55.57,66.33,38.39
ST10473,58.31,50.32,50.44,46.26,50.48,61.36
ST10474,56.48,74.04,66.77,61.56,59.45,73.29
ST10475,71.31,47.01,55.38,69.11,63.79,55.89
ST10476,39.56,46.13,58.31,44.87,35.39,49.38
ST10477,66.79,58.61,70.12,65.24,59.88,58.66
ST10478,52.2,71.56,62.79,58.89,60.24,65.75
ST10479,41.48,42.63,51.09,43.87,53.19,48.79
ST10480,83.01,71.98,75.2,71.81,85.68,64.92
ST10481,57.63,60.56,60.28,59.0,72.48,64.71
ST10482,55.75,70.53,61.39,52.62,70.69,57.99
ST10483,58.65,44.87,52.31,54.5,59.48,37.08
ST10484,68.04,45.83,56.44,60.08,48.69,60.37
ST10485,72.22,65.58,73.33,63.68,67.49,57.27
ST10486,60.53,68.09,65.43,79.47,85.04,63.42
ST10487,60.35,72.09,68.53,72.27,67.98,61.63
ST10488,52.96,57.93,53.78,64.45,44.05,67.18
ST10489,45.31,61.45,58.64,45.65,43.81,54.51
ST10490,58.5,51.96,50.89,65.99,48.55,60.61
ST10491,45.44,43.56,48.72,57.13,41.58,57.85
ST10492,42.12,43.56,54.01,68.36,42.51,58.56
ST10493,53.99,52.7,66.07,47.9,47.26,63.18
ST10494,68.83,58.26,46.41,57.57,60.1,66.91
ST10495,63.31,56.84,75.64,59.81,56.63,58.28
ST10496,45.54,68.38,59.66,50.77,59.56,51.98
ST10497,62.08,46.49,52.63,60.98,36.51,50.34
ST10498,69.4,76.53,65.05,72.86,53.94,75.7
ST10499,52.06,57.27,61.21,57.04,56.61,45.43
ST10500,46.09,61.17,49.42,51.27,41.27,63.07
ST10501,50.99,64.64,52.79,65.34,59.3,52.76
ST10502,77.7,60.55,62.57,75.56,49.26,42.88
ST10503,67.1,46.47,63.21,62.43,43.84,60.01
ST10504,60.24,53.57,55.75,46.25,64.93,52.63
ST10505,59.75,58.57,53.49,45.32,80.3,62.64
ST10506,79.87,71.25,63.68,72.01,63.14,78.68
ST10507,62.88,49.78,60.05,62.48,46.84,63.19
ST10508,72.05,50.12,55.94,72.94,54.14,51.12
ST10509,62.8,58.67,57.29,62.62,64.0,52.96
ST10510,74.24,69.5,46.53,49.18,43.63,54.82
ST10511,39.65,42.82,59.06,32.54,50.38,53.33
ST10512,49.41,51.11,33.21,41.78,62.41,43.49
ST10513,80.8,57.29,58.45,58.52,76.04,61.77
ST10514,57.97,54.07,55.17,62.74,59.95,43.41
ST10515,52.4,68.56,58.16,40.04,43.11,64.73
ST10516,68.75,55.76,70.11,76.52,74.79,78.96
ST10517,57.94,52.08,51.28,52.34,46.49,53.62
ST10518,69.24,47.05,49.53,63.96,56.86,41.91
ST10519,53.78,50.78,51.19,56.69,43.88,51.31
ST10520,61.12,63.11,49.95,57.1,62.97,70.14
ST10521,73.02,64.7,62.94,68.69,55.82,73.68
ST10522,67.83,54.87,73.46,60.57,74.35,59.42
ST10523,51.82,50.17,54.47,50.17,66.49,59.08
ST10524,31.92,46.54,46.84,39.62,46.98,47.48
ST10525,59.7,59.23,58.55,41.94,71.58,45.18
ST10526,64.18,55.42,67.85,63.18,62.89,74.22
ST10527,66.63,55.15,65.2,70.85,66.58,59.68
ST10528,33.81,49.13,52.88,38.61,46.71,48.87
ST10529,63.53,63.03,60.43,56.69,57.38,55.39
ST10530,52.61,69.95,48.31,57.65,59.93,53.91
ST10531,66.17,66.87,63.97,63.03,61.99,65.63
ST10532,65.05,56.93,63.56,75.52,45.44,54.15
ST10533,79.32,63.32,58.86,67.27,54.84,47.3
ST10534,59.44,50.76,58.41,58.57,57.74,45.93
ST10535,66.02,66.95,56.04,50.69,57.36,68.81
ST10536,41.53,64.16,61.65,54.2,45.67,54.15
ST10537,57.32,58.64,44.62,57.98,55.65,48.79
ST10538,44.76,46.01,66.24,51.27,61.3,55.59
ST10539,48.15,56.44,70.03,44.97,59.08,56.29
ST10540,48.09,47.91,57.07,61.81,66.71,50.11
ST10541,65.36,57.96,60.81,62.5,72.01,60.22
ST10542,37.83,47.18,56.5,55.65,54.01,47.6
ST10543,50.42,66.08,52.65,66.6,66.91,60.62
ST10544,55.81,55.99,52.29,42.54,55.32,54.11
ST10545,60.06,42.92,58.72,37.85,38.42,49.77
ST10546,46.99,43.65,71.07,49.45,73.01,49.56
ST10547,47.73,71.73,56.59,61.65,50.56,64.1
ST10548,58.75,59.39,60.67,70.37,64.99,63.91
ST10549,57.94,47.36,49.19,60.06,47.34,49.65
ST10550,55.3,43.85,64.56,48.88,53.11,54.76
ST10551,66.87,58.66,59.6,73.64,30.32,67.89
ST10552,63.06,41.01,64.13,64.23,60.19,46.23
ST10553,72.39,69.36,61.29,72.95,58.47,70.38
ST10554,57.37,55.24,60.57,46.81,58.77,65.78
ST10555,64.46,59.49,47.04,68.67,68.99,61.4
ST10556,42.09,43.85,47.48,49.61,45.67,44.24
ST10557,61.82,54.46,47.29,53.99,54.79,45.91
ST10558,69.57,61.09,59.28,58.26,63.56,62.43
ST10559,47.08,56.25,37.38,35.46,53.94,70.05
ST10560,50.98,58.88,41.49,37.23,47.62,54.59
ST10561,48.49,57.28,59.77,51.87,54.48,68.73
ST10562,72.84,73.15,71.92,59.57,71.52,58.94
ST10563,69.53,56.11,64.13,73.95,60.74,59.34
ST10564,63.94,53.13,52.28,44.31,41.87,51.19
ST10565,48.17,60.81,58.03,67.29,58.38,49.01
ST10566,40.93,62.42,46.58,51.3,69.36,63.86
ST10567,63.89,68.32,69.02,73.99,55.95,60.75
ST10568,54.08,61.2,61.4,44.67,56.23,75.97
ST10569,67.96,71.73,66.04,48.02,64.98,77.34
ST10570,54.86,66.39,51.25,60.32,65.97,57.66
ST10571,81.25,55.46,59.36,69.64,53.37,49.88
ST10572,44.54,59.39,51.88,67.64,49.79,62.01
ST10573,57.98,50.24,47.86,37.31,58.32,66.48
ST10574,54.56,54.14,56.43,69.41,54.47,69.68
ST10575,50.8,42.84,50.21,47.62,56.17,47.5
ST10576,65.8,49.83,58.09,60.44,49.38,68.35
ST10577,67.36,67.93,79.68,75.37,82.85,73.23
ST10578,53.28,74.54,63.74,55.69,58.54,62.52
ST10579,51.1,41.99,67.01,51.8,54.47,72.62
ST10580,65.13,67.47,60.68,73.16,63.84,70.55
ST10581,56.94,42.64,59.61,59.67,45.28,50.23
ST10582,61.49,60.81,56.53,68.17,49.6,56.37
ST10583,62.23,69.65,58.74,62.98,60.99,67.11
ST10584,56.94,60.57,50.53,43.81,56.87,53.03
ST10585,57.62,52.98,63.13,64.16,44.99,43.28
ST10586,69.71,44.68,54.6,59.92,68.23,53.25
ST10587,59.85,51.53,60.54,47.46,53.41,62.77
ST10588,50.34,57.8,52.3,39.43,60.56,39.85
ST10589,55.42,56.23,66.67,52.42,52.14,57.93
ST10590,63.83,54.37,63.63,59.89,44.34,77.22
ST10591,59.14,52.91,50.05,65.91,47.25,31.23
ST10592,56.01,56.01,58.79,55.39,54.47,51.05
ST10593,66.8,55.37,55.19,66.67,68.69,72.93
ST10594,73.07,58.06,58.03,71.26,70.99,81.14
ST10595,54.33,44.19,47.86,45.26,50.65,65.86
ST10596,60.72,49.75,53.59,42.95,37.45,68.44
ST10597,48.49,40.73,72.0,64.52,46.41,62.88
ST10598,57.98,41.13,48.53,58.68,45.26,57.05
ST10599,66.85,32.17,52.92,61.88,36.97,49.07
ST10600,66.14,51.9,48.44,64.88,60.94,55.28
ST10601,56.59,65.6,60.73,62.19,51.84,45.04
ST10602,56.35,60.18,50.58,58.36,48.69,53.65
ST10603,74.99,58.68,60.26,44.76,66.55,54.04
ST10604,58.66,53.42,54.51,53.69,56.34,64.04
ST10605,72.01,61.1,68.79,70.02,59.85,69.53
ST10606,59.5,61.87,62.91,63.25,72.46,56.74
ST10607,54.88,46.16,49.08,51.66,64.31,48.16
ST10608,47.37,39.38,43.23,37.22,49.97,54.41
ST10609,60.3,48.22,59.05,53.4,54.09,42.56
ST10610,54.38,52.6,54.02,53.51,57.17,41.53
ST10611,68.58,67.01,65.01,77.64,63.61,49.24
ST10612,66.57,57.88,48.31,55.68,50.82,63.72
ST10613,54.65,47.55,62.42,58.06,53.05,47.97
ST10614,40.93,40.81,54.64,31.54,47.29,48.67
ST10615,64.96,53.61,59.5,57.6,41.9,51.15
ST10616,66.63,66.62,57.97,51.67,51.96,62.32
ST10617,59.59,63.55,56.63,64.45,45.52,54.1
ST10618,57.5,48.53,53.5,59.41,53.51,61.01
ST10619,35.49,62.52,40.93,55.39,72.46,56.27
ST10620,65.2,59.77,68.61,63.83,58.2,60.02
ST10621,45.94,53.93,52.53,55.11,49.21,56.17
ST10622,58.17,51.75,57.04,59.07,44.83,53.78
ST10623,43.91,53.54,55.55,31.99,50.28,54.88
ST10624,46.01,61.41,64.94,47.23,54.88,61.27
ST10625,56.08,43.17,60.18,32.85,60.35,53.49
ST10626,65.58,73.99,62.6,67.85,70.6,68.82
ST10627,44.08,44.48,50.84,41.14,50.85,42.04
ST10628,70.33,74.83,60.95,69.62,60.63,57.84
ST10629,54.61,56.19,45.08,59.6,57.2,62.6
ST10630,59.29,53.87,52.54,64.21,69.22,49.32
ST10631,61.5,47.51,49.46,48.69,58.64,47.56
ST10632,52.46,47.56,46.35,36.42,46.7,19.72
ST10633,62.55,60.3,44.93,61.68,63.75,47.19
ST10634,57.68,83.69,66.68,74.95,76.19,73.32
ST10635,71.94,48.02,63.2,37.17,51.59,57.45
ST10636,41.51,47.16,47.66,47.03,48.23,52.49
ST10637,58.06,51.01,60.55,65.68,48.15,67.46
ST10638,59.25,46.57,52.79,70.54,54.74,59.62
ST10639,56.63,56.7,71.47,58.8,59.4,57.96
ST10640,80.66,61.12,57.03,54.6,67.31,48.41
ST10641,60.88,45.39,42.17,54.3,51.4,64.34
ST10642,61.64,51.19,62.06,49.4,43.98,52.42
ST10643,52.06,66.14,68.24,52.56,62.62,60.69
ST10644,72.34,50.15,68.3,61.21,66.32,70.61
ST10645,42.5,57.61,36.27,56.75,59.37,53.62
ST10646,48.1,52.17,45.84,72.29,44.98,63.21
ST10647,46.73,65.43,69.75,55.13,54.95,48.0
ST10648,40.32,51.31,61.59,42.99,66.59,47.04
ST10649,40.33,40.35,38.68,19.1,33.54,43.09
ST10650,53.26,51.92,56.13,54.39,39.14,61.22
ST10651,56.74,60.06,60.28,69.2,74.45,61.84
ST10652,58.94,60.53,72.53,40.14,63.06,63.11
ST10653,63.93,66.81,71.71,68.19,80.63,64.54
ST10654,49.96,48.29,55.17,48.45,49.85,52.89
ST10655,54.56,49.24,58.43,50.22,58.8,53.39
ST10656,47.96,63.57,51.24,55.66,45.46,37.85
ST10657,60.16,47.17,62.47,72.88,56.79,44.28
ST10658,64.48,48.65,53.87,57.28,56.64,56.98
ST10659,63.84,43.31,47.63,63.9,51.06,49.15
ST10660,64.31,68.32,70.71,62.65,64.78,72.7
ST10661,59.19,58.6,49.54,77.35,70.44,57.89
ST10662,50.88,55.24,57.05,43.96,38.31,49.96
ST10663,52.4,66.28,67.33,55.15,60.63,82.01
ST10664,53.86,44.04,66.99,35.88,41.16,49.77
ST10665,50.43,66.93,57.89,56.87,56.19,55.78
ST10666,64.59,49.75,53.37,81.54,48.6,75.01
ST10667,47.86,60.94,59.34,59.61,60.48,44.73
ST10668,62.24,55.4,68.3,53.39,52.11,62.07
ST10669,42.64,62.39,51.26,51.75,42.07,76.52
ST10670,49.13,54.82,46.83,49.68,70.63,58.75
ST10671,37.69,43.21,40.0,41.65,49.43,43.83
ST10672,57.37,57.5,54.0,47.98,51.4,64.2
ST10673,71.79,50.99,62.26,64.57,66.49,58.32
ST10674,64.06,48.2,56.91,36.32,46.55,54.38
ST10675,43.52,51.95,61.21,47.84,44.98,69.21
ST10676,57.82,65.11,61.06,55.53,70.21,61.38
ST10677,50.13,28.84,51.91,39.4,31.85,64.96
ST10678,63.33,58.72,67.87,58.11,52.53,54.72
ST10679,51.65,50.9,47.6,45.64,61.66,56.06
ST10680,63.36,57.68,64.04,50.41,66.77,71.44
ST10681,68.97,41.21,58.26,42.67,41.0,44.0
ST10682,58.8,43.51,50.71,57.32,45.04,46.46
ST10683,36.78,52.4,54.26,44.41,55.31,61.96
ST10684,71.23,74.73,83.75,88.27,54.58,56.62
ST10685,55.91,52.6,66.68,64.34,41.95,48.68
ST10686,50.56,38.98,52.01,39.2,37.69,46.32
ST10687,63.24,61.19,61.04,65.29,65.56,58.99
ST10688,51.39,51.9,50.68,30.29,59.94,57.04
ST10689,51.13,67.64,55.52,55.79,65.81,58.41
ST10690,60.5,47.0,64.34,41.81,60.35,34.69
ST10691,53.94,65.12,60.53,61.06,63.07,56.21
ST10692,42.79,53.58,47.39,62.79,50.18,60.47
ST10693,56.29,47.94,37.9,62.41,44.91,52.51
ST10694,66.48,65.18,74.27,64.58,65.64,72.68
ST10695,51.57,40.88,38.59,38.35,46.37,39.8
ST10696,51.52,49.76,31.45,37.13,27.7,51.04
ST10697,66.92,43.2,48.75,55.85,49.81,52.77
ST10698,74.12,59.91,57.46,60.34,81.54,74.89
ST10699,54.17,55.95,53.91,58.42,50.35,49.99
ST10700,70.05,71.95,69.51,76.72,57.82,57.33
ST10701,43.34,55.42,59.56,51.51,50.47,63.86
ST10702,72.1,74.87,61.0,59.01,75.1,64.3
ST10703,70.44,68.93,74.35,79.45,72.3,77.75
ST10704,60.1,48.68,50.68,50.23,46.48,49.72
ST10705,69.75,57.39,52.51,73.89,50.2,52.95
ST10706,62.79,58.24,52.91,59.44,55.36,46.46
ST10707,52.54,63.35,76.92,62.9,71.55,67.8
ST10708,37.59,47.88,55.01,43.05,48.23,57.27
ST10709,52.41,60.2,55.89,42.22,48.0,54.99
ST10710,64.81,45.99,41.65,61.42,43.73,41.5
ST10711,56.56,64.19,52.81,59.88,61.86,65.74
ST10712,55.51,52.4,54.49,67.49,66.71,56.71
ST10713,76.13,50.45,68.06,71.74,59.94,55.91
ST10714,48.91,50.31,61.71,41.55,40.28,54.04
ST10715,60.69,68.4,46.95,52.54,63.75,54.59
ST10716,60.94,61.43,54.92,69.22,45.08,44.96
ST10717,49.59,31.27,53.45,35.18,54.03,56.26
ST10718,59.47,63.5,62.65,56.37,74.66,66.16
ST10719,66.15,66.26,65.42,74.25,60.91,57.69
ST10720,52.18,52.93,51.6,59.14,49.34,54.31
ST10721,59.32,56.05,48.68,60.14,54.16,34.86
ST10722,54.28,73.36,75.02,65.88,68.42,58.92
ST10723,64.4,72.87,69.21,63.74,63.92,72.62
ST10724,73.15,67.84,65.76,59.44,69.15,53.48
ST10725,63.92,50.68,74.93,66.96,65.52,63.28
ST10726,72.26,52.61,35.18,58.65,45.98,50.47
ST10727,60.09,58.69,62.4,62.25,53.06,59.93
ST10728,38.5,45.71,71.6,59.19,53.04,46.67
ST10729,54.46,55.68,70.27,68.15,40.7,45.83
ST10730,60.35,62.76,69.16,64.71,84.03,57.13
ST10731,49.45,33.3,53.45,36.73,58.63,50.48
ST10732,43.67,36.77,46.64,52.4,55.44,46.5
ST10733,66.82,50.39,39.85,59.6,68.37,67.73
ST10734,43.09,46.37,57.25,44.17,51.92,43.45
ST10735,54.51,56.05,71.87,62.35,73.4,70.39
ST10736,82.38,74.87,76.45,67.18,91.2,69.04
ST10737,41.08,59.01,50.01,65.02,62.67,58.33
ST10738,40.29,48.56,43.26,53.48,51.84,73.88
ST10739,47.14,48.27,50.46,48.7,58.91,51.49
ST10740,75.79,61.61,57.55,61.51,65.28,59.18
ST10741,43.77,38.91,44.21,36.95,54.59,52.43
ST10742,52.06,44.59,50.75,55.07,38.45,32.9
ST10743,46.98,52.34,48.46,59.74,51.53,71.35
ST10744,46.13,51.75,49.31,53.58,59.15,58.49
ST10745,31.6,51.84,40.76,44.05,53.36,41.88
ST10746,63.39,51.31,72.51,53.76,67.78,66.72
ST10747,68.17,54.43,69.63,70.34,77.48,64.86
ST10748,60.21,51.45,66.97,51.04,66.15,70.25
ST10749,60.35,65.51,59.93,58.03,70.21,52.46
ST10750,52.54,51.89,52.6,50.83,40.73,65.02
ST10751,62.14,53.2,44.07,52.53,54.66,35.37
ST10752,59.69,46.33,51.03,43.28,58.95,68.91
ST10753,57.98,58.86,57.54,60.34,58.93,36.47
ST10754,74.5,68.47,63.53,59.22,64.0,66.68
ST10755,58.43,60.82,69.01,77.69,61.54,61.18
ST10756,51.97,54.55,58.48,68.16,65.12,77.0
ST10757,53.96,45.32,67.62,73.6,56.17,22.18
ST10758,66.29,66.44,61.46,73.87,78.94,77.16
ST10759,55.36,48.37,45.93,54.71,49.09,52.37
ST10760,36.84,43.53,56.26,38.34,51.37,55.55
ST10761,61.74,62.46,64.0,51.36,46.23,53.99
ST10762,59.48,43.97,47.09,43.0,40.45,42.2
ST10763,66.13,52.39,45.13,52.52,62.21,46.48
ST10764,64.71,40.46,53.22,58.54,47.5,53.47
ST10765,70.71,58.71,58.8,70.78,60.7,55.68
ST10766,56.32,49.97,50.06,62.24,59.56,65.15
ST10767,53.9,41.73,57.83,45.15,56.26,50.82
ST10768,60.69,60.93,65.69,42.47,45.57,66.56
ST10769,63.55,53.63,63.61,46.79,82.91,68.55
ST10770,62.36,57.98,53.43,44.59,56.47,53.5
ST10771,56.09,42.56,59.64,60.63,58.17,59.55
ST10772,50.87,70.31,56.63,36.69,52.71,51.6
ST10773,41.63,39.07,54.19,53.6,42.7,55.78
ST10774,62.16,69.45,69.6,57.46,72.97,53.89
ST10775,72.97,46.82,54.47,47.75,50.84,80.24
ST10776,49.59,60.1,52.41,60.72,48.94,58.34
ST10777,58.23,46.77,73.13,56.27,51.24,45.25
ST10778,47.02,36.56,61.55,49.17,45.58,57.65
ST10779,39.88,36.41,45.62,45.8,49.9,36.85
ST10780,49.81,20.89,41.28,58.84,53.24,38.42
ST10781,44.34,47.14,56.56,59.7,48.16,47.85
ST10782,54.23,56.76,74.42,72.64,57.29,60.32
ST10783,41.03,43.68,48.72,46.89,54.62,57.23
ST10784,53.52,41.37,42.67,40.37,51.24,36.15
ST10785,61.5,69.4,66.21,55.74,55.65,64.99
ST10786,55.3,50.88,49.14,52.54,50.43,62.13
ST10787,75.49,55.24,58.23,74.59,66.97,54.75
ST10788,51.11,45.97,61.87,40.12,52.11,34.65
ST10789,71.91,66.74,73.37,68.02,60.44,49.77
ST10790,43.49,34.22,41.94,51.14,47.93,49.52
ST10791,47.32,39.49,56.12,56.08,45.73,52.4
ST10792,68.08,63.4,46.89,53.6,66.47,52.55
ST10793,64.11,67.46,69.63,73.33,56.62,66.02
ST10794,67.15,54.33,53.86,63.52,70.0,70.6
ST10795,50.49,51.3,46.26,53.55,44.9,52.28
ST10796,54.18,51.69,35.08,61.7,39.87,43.88
ST10797,45.31,49.94,49.05,46.37,35.51,59.27
ST10798,58.21,67.77,57.22,55.84,40.21,51.05
ST10799,62.09,53.42,59.37,71.13,55.26,40.85
ST10800,75.89,69.98,57.82,70.2,61.8,70.31
ST10801,71.0,51.14,64.14,54.19,40.4,70.7
ST10802,64.47,64.77,70.38,55.09,67.09,64.7
ST10803,44.81,67.27,66.62,42.61,56.77,56.32
ST10804,63.55,36.76,77.26,56.0,53.95,61.14
ST10805,60.62,61.27,59.17,53.22,64.36,64.11
ST10806,57.34,55.75,64.94,51.52,58.18,65.09
ST10807,72.83,61.75,70.93,71.6,77.02,62.06
ST10808,50.04,48.94,50.34,57.15,59.26,65.91
ST10809,47.55,37.04,54.64,48.72,48.76,41.02
ST10810,43.04,35.06,49.46,39.74,40.45,35.31
ST10811,73.46,63.17,66.94,57.62,52.04,63.99
ST10812,39.0,44.31,40.13,34.51,29.94,45.36
ST10813,47.56,64.5,56.13,57.99,51.94,58.54
ST10814,37.18,34.88,45.43,48.44,28.74,43.31
ST10815,70.4,59.5,68.96,48.96,52.0,66.4
ST10816,63.66,56.63,50.46,65.55,75.87,43.72
ST10817,69.74,54.77,56.85,59.94,48.87,61.22
ST10818,58.01,70.63,84.93,61.18,67.11,65.34
ST10819,71.1,65.03,70.64,57.15,66.23,34.25
ST10820,57.24,42.16,50.28,57.61,39.62,63.62
ST10821,54.34,63.38,48.89,37.71,54.01,56.9
ST10822,55.83,41.38,38.47,46.65,54.6,57.19
ST10823,59.41,43.85,33.08,56.6,48.4,52.09
ST10824,58.0,61.97,52.68,61.45,56.28,49.62
ST10825,53.7,60.5,50.89,62.54,56.83,61.61
ST10826,71.8,63.13,61.85,58.54,59.2,65.78
ST10827,71.88,56.08,56.48,71.54,56.45,65.71
ST10828,48.31,39.61,55.63,62.08,52.55,44.19
ST10829,64.83,56.78,45.73,60.42,66.69,70.49
ST10830,68.76,56.43,61.75,52.51,64.19,63.36
ST10831,52.37,60.76,60.96,67.54,54.1,52.34
ST10832,39.33,50.42,28.89,15.27,50.4,48.45
ST10833,54.37,43.1,42.27,46.16,55.77,46.55
ST10834,71.19,56.21,61.25,67.51,61.25,59.27
ST10835,58.63,48.86,61.97,67.4,57.31,52.57
ST10836,46.31,60.69,37.55,63.89,48.72,49.48
ST10837,58.16,34.0,62.58,66.25,59.24,36.72
ST10838,60.63,67.69,67.86,40.85,62.65,71.88
ST10839,66.36,47.56,68.98,74.5,58.07,51.65
ST10840,71.42,52.37,65.31,76.87,45.25,67.79
ST10841,49.1,49.31,55.87,42.81,41.35,39.48
ST10842,64.59,51.37,59.96,49.09,46.83,58.19
ST10843,58.03,53.51,58.82,45.76,63.89,68.74
ST10844,49.25,40.2,44.65,56.3,53.43,62.13
ST10845,50.76,41.48,53.38,59.88,47.3,47.32
ST10846,65.64,54.77,46.78,44.6,57.48,82.52
ST10847,53.61,56.24,77.28,53.57,62.63,72.45
ST10848,39.79,44.93,44.53,32.75,59.96,45.72
ST10849,54.92,55.95,67.56,58.96,54.51,61.33
ST10850,57.77,51.07,50.39,59.41,49.83,67.13
ST10851,35.55,35.36,35.38,38.46,41.63,34.0
ST10852,52.18,55.93,40.68,45.71,55.94,45.69
ST10853,57.59,68.82,75.48,63.07,58.76,59.1
ST10854,67.93,67.48,53.46,65.83,56.3,51.67
ST10855,59.57,65.59,62.82,59.91,62.12,61.39
ST10856,56.24,59.46,52.42,59.25,62.04,59.63
ST10857,68.72,60.93,69.43,52.58,64.04,75.02
ST10858,54.35,51.57,67.71,48.29,53.04,57.06
ST10859,55.79,65.5,55.84,61.26,62.37,71.69
ST10860,67.14,53.27,50.13,62.68,53.41,53.3
ST10861,44.62,58.53,48.92,51.78,52.94,57.56
ST10862,66.59,59.35,56.37,43.56,62.12,63.04
ST10863,52.02,55.43,62.98,62.89,45.24,51.1
ST10864,60.53,60.53,46.04,65.03,36.96,58.95
ST10865,49.65,64.41,49.19,48.12,50.84,42.61
ST10866,45.13,63.31,68.14,63.7,49.2,66.08
ST10867,43.57,54.76,61.55,53.8,63.24,53.3
ST10868,51.84,54.11,43.83,48.95,51.05,54.3
ST10869,59.46,45.22,49.56,63.64,42.53,59.51
ST10870,65.14,66.87,78.66,63.7,71.13,65.22
ST10871,65.81,62.94,71.48,57.72,57.65,64.17
ST10872,59.49,36.74,55.26,52.97,56.35,38.9
ST10873,79.47,61.63,59.94,60.73,68.89,70.12
ST10874,47.62,37.47,41.05,48.83,55.45,55.48
ST10875,47.08,53.47,62.03,55.45,53.11,42.28
ST10876,81.11,75.6,78.93,81.46,75.88,70.55
ST10877,51.88,55.29,60.86,58.59,60.08,64.05
ST10878,58.83,51.41,46.13,54.36,69.88,57.48
ST10879,56.62,63.27,64.75,63.25,69.97,65.07
ST10880,59.57,50.81,62.07,58.83,56.34,58.28
ST10881,83.79,73.22,61.74,66.65,64.83,81.2
ST10882,73.59,77.05,59.51,70.64,54.27,49.09
ST10883,56.88,72.16,53.12,58.91,69.57,69.83
ST10884,71.65,54.16,53.05,44.38,52.56,44.31
ST10885,39.71,69.79,55.47,76.4,47.37,53.65
ST10886,47.89,46.83,59.43,54.85,58.45,61.06
ST10887,69.43,52.62,58.01,59.65,86.77,64.86
ST10888,54.93,59.46,50.25,55.44,61.71,56.85
ST10889,41.36,46.79,45.86,34.2,42.84,39.27
ST10890,49.26,50.03,67.78,71.56,46.87,74.8
ST10891,42.87,57.86,54.95,56.61,42.56,40.39
ST10892,45.36,55.2,68.44,41.52,50.99,48.79
ST10893,65.64,50.24,76.25,62.95,71.18,60.9
ST10894,68.98,69.87,65.76,70.84,54.49,58.56
ST10895,32.47,34.67,51.58,55.85,30.59,46.73
ST10896,61.81,67.89,61.66,65.67,50.75,46.46
ST10897,66.99,63.72,64.92,54.5,59.73,70.23
ST10898,70.99,53.7,59.07,49.62,64.74,73.21
ST10899,56.86,53.78,57.4,78.84,68.62,67.93
ST10900,64.05,61.39,55.23,50.93,56.94,56.86
ST10901,61.02,62.56,65.09,57.31,67.74,60.76
ST10902,64.77,56.05,68.12,55.99,73.53,58.47
ST10903,45.39,50.89,53.64,53.42,60.35,54.44
ST10904,53.89,50.19,54.36,66.78,43.33,50.88
ST10905,57.14,50.84,55.81,70.12,55.58,58.96
ST10906,48.03,42.16,61.51,69.99,52.75,50.53
ST10907,57.52,33.86,55.65,42.68,58.6,33.51
ST10908,62.35,58.79,57.79,65.87,66.36,60.93
ST10909,49.72,64.69,60.18,58.8,50.03,39.79
ST10910,49.21,46.49,51.26,45.81,55.34,59.6
ST10911,69.93,66.26,56.11,59.87,72.35,46.72
ST10912,79.99,61.58,72.61,70.86,70.89,85.39
ST10913,65.0,53.63,69.61,62.75,69.99,71.17
ST10914,59.41,60.7,60.65,70.98,56.05,51.15
ST10915,54.66,40.18,51.75,45.09,46.8,70.11
ST10916,65.97,64.27,61.34,48.87,58.19,63.77
ST10917,68.37,65.64,64.19,66.16,62.3,69.6
ST10918,33.76,60.76,40.39,39.28,53.16,57.21
ST10919,83.12,68.65,68.29,67.1,78.71,84.97
ST10920,52.96,56.05,53.73,50.5,66.4,43.84
ST10921,34.29,55.51,63.58,53.95,56.99,61.99
ST10922,50.86,54.42,55.29,31.34,50.88,40.39
ST10923,58.62,54.96,68.19,60.12,62.71,60.39
ST10924,65.12,39.03,49.54,68.53,48.32,36.64
ST10925,75.67,71.04,70.48,63.26,76.13,72.57
ST10926,71.38,64.56,60.98,54.41,48.85,66.02
ST10927,70.4,57.08,68.18,66.89,66.82,54.83
ST10928,54.81,58.52,68.0,49.93,68.55,46.06
ST10929,47.06,36.89,30.52,48.72,46.54,34.61
ST10930,53.36,61.02,55.54,54.7,54.3,55.83
ST10931,46.49,46.25,46.23,41.1,48.21,49.13
ST10932,57.84,63.4,69.9,66.27,57.8,53.73
ST10933,70.85,73.55,62.24,56.21,64.77,61.42
ST10934,59.25,64.05,69.31,53.46,79.54,47.48
ST10935,50.24,58.93,76.03,50.99,48.53,64.45
ST10936,43.73,51.04,46.15,37.0,64.51,25.08
ST10937,67.55,60.46,48.03,68.84,42.02,64.06
ST10938,23.14,30.63,31.62,32.05,39.89,36.19
ST10939,38.12,58.12,55.81,57.09,55.79,65.05
ST10940,54.51,60.12,49.61,46.29,63.67,62.88
ST10941,58.25,46.54,46.9,64.61,63.84,56.15
ST10942,66.19,51.12,39.59,43.97,47.5,51.14
ST10943,67.24,49.79,49.16,60.3,53.94,74.87
ST10944,68.66,56.91,71.82,66.69,66.19,63.14
ST10945,64.65,44.46,72.82,29.36,57.75,51.52
ST10946,54.85,55.83,49.98,33.16,58.8,72.04
ST10947,61.43,64.22,71.07,54.14,52.88,48.33
ST10948,40.61,60.68,49.85,53.16,46.71,40.38
ST10949,60.32,64.92,58.44,58.3,45.02,63.55
ST10950,73.2,65.67,49.06,76.15,54.87,68.54
ST10951,70.27,69.16,51.0,61.54,62.96,72.12
ST10952,52.41,60.32,54.06,47.07,50.29,63.93
ST10953,45.35,62.97,51.7,47.14,63.91,51.66
ST10954,55.27,48.34,34.39,55.55,53.26,39.97
ST10955,67.76,58.0,77.77,80.75,77.6,77.56
ST10956,51.22,59.74,56.29,56.04,63.03,67.77
ST10957,49.77,41.62,52.38,49.91,55.16,62.55
ST10958,34.74,44.68,43.34,60.31,48.38,48.95
ST10959,61.8,52.75,58.37,72.82,71.78,57.23
ST10960,57.59,54.1,44.64,67.38,78.42,58.5
ST10961,52.59,54.4,58.91,46.23,54.1,63.43
ST10962,53.69,62.84,56.59,41.87,48.06,57.66
ST10963,59.48,56.57,58.99,68.46,63.77,73.79
ST10964,61.54,48.61,66.9,78.0,67.06,53.84
ST10965,51.47,63.8,52.56,72.46,59.44,50.06
ST10966,61.47,44.74,41.55,43.33,58.28,64.24
ST10967,63.6,44.03,52.07,61.57,48.62,63.1
ST10968,70.96,60.96,49.5,48.84,52.9,57.51
ST10969,76.7,60.42,76.47,79.53,62.25,59.69
ST10970,49.03,52.41,50.05,58.87,39.52,50.64
ST10971,54.36,56.15,67.42,38.74,46.49,30.92
ST10972,39.66,34.39,45.37,45.48,52.29,49.15
ST10973,62.49,59.64,51.46,42.55,63.4,74.9
ST10974,77.7,64.5,70.15,60.64,61.06,57.84
ST10975,52.0,57.7,49.68,50.52,43.42,59.65
ST10976,52.3,60.24,64.97,64.24,66.14,61.26
ST10977,63.97,56.18,45.31,63.85,62.47,71.18
ST10978,64.4,51.36,63.94,68.67,66.91,60.4
ST10979,45.4,47.86,60.39,40.73,53.82,54.35
ST10980,62.11,57.83,61.62,54.63,46.15,51.01
ST10981,49.98,62.17,52.89,52.89,57.62,73.57
ST10982,53.21,41.2,49.67,58.82,51.92,32.82
ST10983,53.9,44.46,66.48,68.93,47.39,49.22
ST10984,50.14,50.38,43.09,46.54,38.16,62.96
ST10985,31.39,31.3,49.95,33.34,41.46,48.98
ST10986,65.04,56.76,72.77,57.31,67.65,59.54
ST10987,63.64,55.06,47.94,51.25,44.5,47.42
ST10988,55.29,49.64,74.53,57.88,50.86,57.36
ST10989,64.47,65.58,61.61,65.45,71.89,72.02
ST10990,48.1,55.13,42.07,42.74,40.85,52.87
ST10991,51.45,37.44,50.9,48.23,60.22,47.14
ST10992,58.98,47.17,42.54,60.68,51.81,69.2
ST10993,42.63,42.8,55.4,54.47,47.59,76.04
ST10994,49.7,41.79,44.92,48.47,64.09,53.45
ST10995,66.19,56.26,62.81,55.32,56.88,58.24
ST10996,40.57,40.66,48.9,61.57,32.78,31.87
ST10997,54.21,64.57,57.73,44.8,56.96,45.46
ST10998,67.95,59.39,62.97,63.97,63.99,56.22
ST10999,68.69,66.79,47.22,57.35,51.78,53.27
ST11000,72.72,59.15,65.51,67.49,65.47,69.93
